;;Company Info;;KEY FINANCIALS;;;;;
Rank;Company Name;Number of Employees;"Change in 
Rank";"Revenues
($millions)";"Revenue 
Change";"Profits
($millions)";"Profit 
Change";"Assets
($millions)";"Market Value 
As of 3/31/20 ($m)"
1;Walmart;2.200.000;-;523.964 US$;1,9%;US$14.881,0 ;123,1%;236.495 US$;321.803 US$
2;Amazon.com;798.000;3 ;280.522 US$;20,5%;US$11.588,0 ;15,0%;225.248 US$;970.680 US$
3;Exxon Mobil;74.900;-1 ;264.938 US$;-8,7%;US$14.340,0 ;-31,2%;362.597 US$;160.696 US$
4;Apple;137.000;-1 ;260.174 US$;-2,0%;US$55.256,0 ;-7,2%;338.516 US$;1.112.641 US$
5;CVS Health;290.000;3 ;256.776 US$;32,0%;US$6.634,0 ;-;222.449 US$;77.376 US$
6;Berkshire Hathaway;391.500;-2 ;254.616 US$;2,7%;US$81.417,0 ;1924,8%;817.729 US$;442.897 US$
7;UnitedHealth Group;325.000;-1 ;242.155 US$;7,0%;US$13.839,0 ;15,5%;173.889 US$;236.555 US$
8;McKesson;70.000;-1 ;214.319 US$;2,9%;US$34,0 ;-49,3%;59.672 US$;21.845 US$
9;AT&T;247.800;-;181.193 US$;6,1%;US$13.903,0 ;-28,2%;551.669 US$;209.388 US$
10;AmerisourceBergen;21.500;-;179.589 US$;6,9%;US$855,4 ;-48,4%;39.172 US$;18.221 US$
11;Alphabet;118.899;4 ;161.857 US$;18,3%;US$34.343,0 ;11,7%;275.909 US$;798.905 US$
12;Ford Motor;190.000;-;155.900 US$;-2,8%;US$47,0 ;-98,7%;258.537 US$;19.151 US$
13;Cigna;73.700;52 ;153.566 US$;215,7%;US$5.104,0 ;93,6%;155.774 US$;65.897 US$
14;Costco Wholesale;201.500;-;152.703 US$;7,9%;US$3.659,0 ;16,8%;45.400 US$;125.908 US$
15;Chevron;48.200;-4 ;146.516 US$;-11,9%;US$2.924,0 ;-80,3%;237.428 US$;136.176 US$
16;Cardinal Health;49.500;-;145.534 US$;6,4%;US$1.363,0 ;432,4%;40.963 US$;13.988 US$
17;JPMorgan Chase;256.981;1 ;142.422 US$;8,4%;US$36.431,0 ;12,2%;2.687.379 US$;276.750 US$
18;General Motors;164.000;-5 ;137.237 US$;-6,7%;US$6.732,0 ;-16,0%;228.037 US$;29.695 US$
19;Walgreens Boots Alliance;287.000;-2 ;136.866 US$;4,1%;US$3.982,0 ;-20,7%;67.598 US$;40.528 US$
20;Verizon Communications;135.000;-1 ;131.868 US$;0,8%;US$19.265,0 ;24,1%;291.727 US$;222.220 US$
21;Microsoft;144.000;5 ;125.843 US$;14,0%;US$39.240,0 ;136,8%;286.556 US$;1.199.550 US$
22;Marathon Petroleum;60.910;9 ;124.813 US$;28,5%;US$2.637,0 ;-5,1%;98.556 US$;15.353 US$
23;Kroger;435.000;-3 ;122.286 US$;0,9%;US$1.659,0 ;-46,7%;45.256 US$;24.114 US$
24;Fannie Mae;7.500;-2 ;120.304 US$;0,2%;US$14.160,0 ;-11,3%;3.503.319 US$;1.841 US$
25;Bank of America;208.131;-;113.589 US$;2,7%;US$27.430,0 ;-2,5%;2.434.079 US$;185.227 US$
26;Home Depot;415.700;1 ;110.225 US$;1,9%;US$11.242,0 ;1,1%;51.236 US$;200.665 US$
27;Phillips 66;14.500;-4 ;109.559 US$;-4,1%;US$3.076,0 ;-45,0%;58.720 US$;23.490 US$
28;Comcast;190.000;4 ;108.942 US$;15,3%;US$13.057,0 ;11,3%;263.414 US$;156.533 US$
29;Anthem;70.600;4 ;104.213 US$;13,1%;US$4.807,0 ;28,2%;77.453 US$;57.245 US$
30;Wells Fargo;259.800;-1 ;103.915 US$;2,8%;US$19.549,0 ;-12,7%;1.927.555 US$;117.366 US$
31;Citigroup;200.000;-1 ;103.449 US$;6,5%;US$19.401,0 ;7,5%;1.951.158 US$;88.377 US$
32;Valero Energy;10.222;-8 ;102.729 US$;-7,8%;US$2.422,0 ;-22,4%;53.864 US$;18.532 US$
33;General Electric;205.000;-12 ;95.214 US$;-20,8%;-US$4.979,0 ;-;266.048 US$;69.406 US$
34;Dell Technologies;165.000;-;92.154 US$;1,7%;US$4.616,0 ;-;118.861 US$;29.246 US$
35;Johnson & Johnson;132.200;2 ;82.059 US$;0,6%;US$15.119,0 ;-1,2%;157.728 US$;345.705 US$
36;State Farm Insurance;57.672;-;79.395 US$;-2,9%;US$5.592,7 ;-36,4%;294.823 US$;-
37;Target;368.000;2 ;78.112 US$;3,7%;US$3.281,0 ;11,7%;42.779 US$;46.574 US$
38;IBM;383.800;-;77.147 US$;-3,1%;US$9.431,0 ;8,1%;152.186 US$;98.551 US$
39;Raytheon Technologies;243.200;7 ;77.046 US$;15,9%;US$5.537,0 ;5,1%;139.716 US$;81.705 US$
40;Boeing;161.100;-12 ;76.559 US$;-24,3%;-US$636,0 ;-106,1%;133.625 US$;84.149 US$
41;Freddie Mac;6.892;-1 ;75.125 US$;2,1%;US$7.214,0 ;-21,9%;2.203.623 US$;909 US$
42;Centene;56.600;9 ;74.639 US$;24,2%;US$1.321,0 ;46,8%;40.994 US$;34.862 US$
43;United Parcel Service;377.640;-2 ;74.094 US$;3,1%;US$4.440,0 ;-7,3%;57.857 US$;80.196 US$
44;Lowe's;260.000;-2 ;72.148 US$;1,2%;US$4.281,0 ;85,0%;39.471 US$;64.963 US$
45;Intel;110.800;-2 ;71.965 US$;1,6%;US$21.048,0 ;-;136.524 US$;231.662 US$
46;Facebook;44.942;11 ;70.697 US$;26,6%;US$18.485,0 ;-16,4%;133.376 US$;475.455 US$
47;FedEx;389.500;-;69.693 US$;6,5%;US$540,0 ;-88,2%;54.403 US$;31.679 US$
48;MetLife;49.000;-4 ;69.620 US$;2,5%;US$5.899,0 ;15,1%;740.463 US$;27.997 US$
49;Walt Disney;223.000;4 ;69.570 US$;17,1%;US$11.054,0 ;-12,3%;193.984 US$;174.405 US$
50;Procter & Gamble;97.000;-5 ;67.684 US$;1,3%;US$3.897,0 ;-60,0%;115.095 US$;271.640 US$
51;PepsiCo;267.000;-3 ;67.161 US$;3,9%;US$7.314,0 ;-41,6%;78.547 US$;166.848 US$
52;Humana;46.000;4 ;64.888 US$;14,0%;US$2.707,0 ;60,8%;29.074 US$;41.490 US$
53;Prudential Financial;51.511;-3 ;64.807 US$;2,9%;US$4.186,0 ;2,7%;896.552 US$;20.650 US$
54;Archer Daniels Midland;38.100;-5 ;64.656 US$;0,5%;US$1.379,0 ;-23,8%;43.997 US$;19.603 US$
55;Albertsons;267.000;-3 ;60.535 US$;1,0%;US$131,1 ;183,2%;20.777 US$;-
56;Sysco;69.000;-2 ;60.114 US$;2,4%;US$1.674,3 ;17,0%;17.967 US$;23.203 US$
57;Lockheed Martin;110.000;3 ;59.812 US$;11,3%;US$6.230,0 ;23,5%;47.528 US$;95.539 US$
58;HP;56.000;-3 ;58.756 US$;0,5%;US$3.152,0 ;-40,8%;33.467 US$;24.821 US$
59;Energy Transfer;12.812;-;54.213 US$;-0,4%;US$3.592,0 ;112,0%;98.880 US$;12.374 US$
60;Goldman Sachs Group;38.300;2 ;53.922 US$;2,7%;US$8.466,0 ;-19,1%;992.968 US$;55.417 US$
61;Morgan Stanley;60.431;2 ;53.823 US$;7,2%;US$9.042,0 ;3,4%;895.429 US$;52.102 US$
62;Caterpillar;102.300;-4 ;53.800 US$;-1,7%;US$6.093,0 ;-0,9%;78.453 US$;63.832 US$
63;Cisco Systems;75.900;1 ;51.904 US$;5,2%;US$11.621,0 ;10464,5%;97.793 US$;166.709 US$
64;Pfizer;88.300;-3 ;51.750 US$;-3,5%;US$16.273,0 ;45,9%;167.489 US$;181.075 US$
65;HCA Healthcare;245.000;2 ;51.336 US$;10,0%;US$3.505,0 ;-7,4%;45.058 US$;30.411 US$
66;AIG;46.000;-;49.746 US$;5,0%;US$3.348,0 ;-;525.064 US$;20.886 US$
67;American Express;64.500;5 ;47.020 US$;8,6%;US$6.759,0 ;-2,3%;198.321 US$;68.983 US$
68;Delta Air Lines;91.224;1 ;47.007 US$;5,8%;US$4.767,0 ;21,1%;64.532 US$;18.262 US$
69;Merck;71.000;7 ;46.840 US$;10,7%;US$9.843,0 ;58,2%;84.397 US$;195.141 US$
70;American Airlines Group;133.700;-2 ;45.768 US$;2,8%;US$1.686,0 ;19,4%;59.995 US$;5.194 US$
71;Charter Communications;95.100;-1 ;45.764 US$;4,9%;US$1.668,0 ;35,6%;148.188 US$;111.924 US$
72;Allstate;46.035;10 ;44.675 US$;12,2%;US$4.847,0 ;115,2%;119.950 US$;29.071 US$
73;New York Life Insurance;11.519;-2 ;44.117 US$;1,6%;US$1.003,8 ;14,1%;330.806 US$;-
74;Nationwide;28.114;-1 ;43.982 US$;1,6%;US$829,7 ;61,9%;239.540 US$;-
75;Best Buy;125.000;-1 ;43.638 US$;1,8%;US$1.541,0 ;5,3%;15.591 US$;14.647 US$
76;United Airlines Holdings;96.000;2 ;43.259 US$;4,7%;US$3.009,0 ;41,3%;52.611 US$;7.823 US$
77;Liberty Mutual Insurance Group;45.000;-2 ;43.228 US$;1,3%;US$1.044,0 ;-51,7%;133.644 US$;-
78;Dow;36.500;-;42.951 US$;-;-US$1.359,0 ;-;60.524 US$;21.716 US$
79;Tyson Foods;141.000;1 ;42.405 US$;5,9%;US$2.022,0 ;-33,1%;33.097 US$;21.125 US$
80;TJX;286.000;5 ;41.717 US$;7,0%;US$3.272,2 ;6,9%;24.145 US$;57.262 US$
81;TIAA;16.533;-2 ;40.454 US$;-1,5%;US$2.460,1 ;57,6%;615.042 US$;-
82;Oracle;136.000;-1 ;39.506 US$;-0,8%;US$11.083,0 ;189,8%;108.709 US$;152.413 US$
83;General Dynamics;102.900;9 ;39.350 US$;8,7%;US$3.484,0 ;4,2%;48.841 US$;38.398 US$
84;Deere;73.489;3 ;39.258 US$;5,1%;US$3.253,0 ;37,4%;73.011 US$;43.330 US$
85;Nike;76.700;5 ;39.117 US$;7,5%;US$4.029,0 ;108,4%;23.717 US$;128.857 US$
86;Progressive;41.571;13 ;39.022 US$;22,0%;US$3.970,3 ;51,8%;54.895 US$;43.218 US$
87;Publix Super Markets;207.000;4 ;38.463 US$;5,7%;US$3.005,4 ;26,2%;24.507 US$;-
88;Coca-Cola;86.200;12 ;37.266 US$;17,0%;US$8.920,0 ;38,6%;86.381 US$;189.983 US$
89;Massachusetts Mutual Life Insurance;9.896;-5 ;37.253 US$;-5,1%;US$3.700,7 ;830,1%;290.731 US$;-
90;Tech Data;15.000;-2 ;36.998 US$;-0,6%;US$374,5 ;10,0%;13.269 US$;4.645 US$
91;World Fuel Services;5.500;-8 ;36.819 US$;-7,4%;US$178,9 ;40,1%;5.992 US$;1.647 US$
92;Honeywell International;113.000;-15 ;36.709 US$;-12,2%;US$6.143,0 ;-9,2%;58.679 US$;94.628 US$
93;ConocoPhillips;10.400;-7 ;36.670 US$;-5,3%;US$7.189,0 ;14,9%;70.514 US$;33.167 US$
94;USAA;35.076;7 ;35.617 US$;13,5%;US$4.006,3 ;74,8%;173.733 US$;-
95;Exelon;32.713;-2 ;34.438 US$;-4,3%;US$2.936,0 ;46,1%;124.977 US$;35.850 US$
96;Northrop Grumman;90.000;12 ;33.841 US$;12,4%;US$2.248,0 ;-30,4%;41.089 US$;50.719 US$
97;Capital One Financial;51.900;1 ;33.766 US$;4,3%;US$5.546,0 ;-7,8%;390.365 US$;23.063 US$
98;Plains GP Holdings;5.000;-4 ;33.669 US$;-1,1%;US$331,0 ;-0,9%;29.969 US$;1.022 US$
99;AbbVie;30.000;-3 ;33.266 US$;1,6%;US$7.882,0 ;38,6%;89.115 US$;112.508 US$
100;StoneX Group;2.012;12 ;32.897 US$;19,1%;US$85,1 ;53,3%;9.936 US$;700 US$
101;Enterprise Products Partners;7.300;-12 ;32.789 US$;-10,3%;US$4.591,3 ;10,0%;61.733 US$;31.306 US$
102;Northwestern Mutual;5.964;9 ;32.294 US$;10,9%;US$1.268,0 ;61,9%;290.318 US$;-
103;3M;96.163;-8 ;32.136 US$;-1,9%;US$4.570,0 ;-14,6%;44.659 US$;78.529 US$
104;Abbott Laboratories;107.000;-1 ;31.904 US$;4,3%;US$3.687,0 ;55,7%;67.887 US$;139.153 US$
105;CHS;10.703;-8 ;31.901 US$;-2,4%;US$829,9 ;7,0%;16.448 US$;-
106;Travelers;30.800;-;31.581 US$;4,3%;US$2.622,0 ;3,9%;110.122 US$;25.337 US$
107;Philip Morris International;73.500;3 ;29.805 US$;0,6%;US$7.185,0 ;-9,2%;42.875 US$;113.606 US$
108;Raytheon;70.000;6 ;29.176 US$;7,8%;US$3.343,0 ;14,9%;34.566 US$;36.518 US$
109;Hewlett Packard Enterprise;61.600;-7 ;29.135 US$;-5,6%;US$1.049,0 ;-45,0%;51.803 US$;12.510 US$
110;Arrow Electronics;19.300;-1 ;28.917 US$;-2,6%;-US$204,1 ;-128,5%;16.401 US$;4.183 US$
111;ViacomCBS;26.280;106 ;27.812 US$;91,6%;US$3.308,0 ;68,8%;49.519 US$;8.798 US$
112;Dollar General;143.000;7 ;27.754 US$;8,3%;US$1.712,6 ;7,7%;22.825 US$;38.046 US$
113;U.S. Bancorp;69.651;4 ;27.325 US$;6,0%;US$6.914,0 ;-2,6%;495.426 US$;52.408 US$
114;Starbucks;346.000;7 ;26.509 US$;7,2%;US$3.599,2 ;-20,3%;19.220 US$;77.179 US$
115;Bristol-Myers Squibb;30.000;23 ;26.145 US$;15,9%;US$3.439,0 ;-30,1%;129.944 US$;126.110 US$
116;US Foods Holding;28.000;9 ;25.939 US$;7,3%;US$385,0 ;-5,4%;11.288 US$;3.898 US$
117;Mondelez International;80.000;-1 ;25.868 US$;-0,3%;US$3.870,0 ;14,5%;64.549 US$;71.762 US$
118;Paccar;27.000;12 ;25.600 US$;9,0%;US$2.387,9 ;8,8%;28.361 US$;21.175 US$
119;Thermo Fisher Scientific;75.000;5 ;25.542 US$;4,9%;US$3.696,0 ;25,8%;58.381 US$;113.108 US$
120;Macy's;123.000;-2 ;25.331 US$;-1,6%;US$564,0 ;-49,1%;21.172 US$;1.520 US$
121;Jabil;200.000;19 ;25.282 US$;14,4%;US$287,1 ;232,6%;12.971 US$;3.738 US$
122;Kraft Heinz;37.000;-7 ;24.977 US$;-4,9%;US$1.935,0 ;-;101.450 US$;30.226 US$
123;Duke Energy;28.793;3 ;24.658 US$;2,2%;US$3.748,0 ;40,6%;158.838 US$;59.368 US$
124;Tesla;48.016;20 ;24.578 US$;14,5%;-US$862,0 ;-;34.309 US$;96.473 US$
125;PBF Energy;3.442;-12 ;24.508 US$;-9,9%;US$319,4 ;148,9%;9.132 US$;848 US$
126;Qualcomm;37.000;11 ;24.273 US$;7,4%;US$4.386,0 ;-;32.957 US$;77.327 US$
127;NGL Energy Partners;1.300;52 ;24.088 US$;39,4%;US$360,0 ;-;5.903 US$;334 US$
128;CBRE Group;100.000;18 ;23.894 US$;12,0%;US$1.282,4 ;20,6%;16.197 US$;12.625 US$
129;Baker Hughes;68.000;-;23.838 US$;4,2%;US$128,0 ;-34,4%;53.369 US$;10.827 US$
130;Synnex;240.900;28 ;23.757 US$;18,5%;US$500,7 ;66,6%;11.698 US$;3.719 US$
131;Dollar Tree;125.000;4 ;23.611 US$;3,5%;US$827,0 ;-;19.575 US$;17.399 US$
132;Cummins;61.615;-4 ;23.571 US$;-0,8%;US$2.260,0 ;5,6%;19.737 US$;20.044 US$
133;United Natural Foods;19.000;177 ;23.481 US$;129,6%;-US$285,0 ;-272,0%;7.181 US$;492 US$
134;Micron Technology;37.000;-29 ;23.406 US$;-23,0%;US$6.313,0 ;-55,3%;48.887 US$;46.779 US$
135;Amgen;23.400;-6 ;23.362 US$;-1,6%;US$7.842,0 ;-6,6%;59.707 US$;119.572 US$
136;Penske Automotive Group;26.980;-;23.179 US$;1,7%;US$435,8 ;-7,5%;13.943 US$;2.265 US$
137;Visa;19.500;16 ;22.977 US$;11,5%;US$12.080,0 ;17,3%;72.574 US$;316.199 US$
138;Broadcom;19.000;12 ;22.597 US$;8,4%;US$2.724,0 ;-77,8%;67.493 US$;94.791 US$
139;Nucor;26.800;-19 ;22.589 US$;-9,9%;US$1.271,1 ;-46,2%;18.345 US$;10.847 US$
140;Gilead Sciences;11.800;-1 ;22.449 US$;1,5%;US$5.386,0 ;-1,3%;61.627 US$;94.124 US$
141;Southwest Airlines;60.767;1 ;22.428 US$;2,1%;US$2.300,0 ;-6,7%;25.895 US$;18.421 US$
142;Halliburton;55.000;-15 ;22.408 US$;-6,6%;-US$1.131,0 ;-168,3%;25.377 US$;6.027 US$
143;CenturyLink;42.500;-11 ;22.401 US$;-4,4%;-US$5.269,0 ;-;64.742 US$;10.307 US$
144;International Paper;51.000;-11 ;22.376 US$;-4,0%;US$1.225,0 ;-39,1%;33.471 US$;12.207 US$
145;Eli Lilly;33.625;-22 ;22.320 US$;-9,1%;US$8.318,4 ;157,4%;39.286 US$;132.760 US$
146;Aflac;11.729;-3 ;22.307 US$;2,5%;US$3.304,0 ;13,2%;152.768 US$;24.739 US$
147;Lennar;10.106;7 ;22.260 US$;8,2%;US$1.849,1 ;9,0%;29.360 US$;11.591 US$
148;Occidental Petroleum;14.400;19 ;21.971 US$;16,0%;-US$667,0 ;-116,1%;109.330 US$;10.367 US$
149;Union Pacific;37.483;-15 ;21.708 US$;-4,9%;US$5.919,0 ;-0,8%;61.673 US$;97.355 US$
150;Rite Aid;42.645;-43 ;21.674 US$;-28,3%;-US$422,2 ;-144,8%;7.591 US$;822 US$
151;PNC Financial Services Group;50.968;8 ;21.624 US$;8,2%;US$5.369,0 ;1,3%;410.295 US$;41.038 US$
152;DuPont;35.000;-117 ;21.512 US$;-75,0%;US$498,0 ;-87,0%;69.396 US$;25.213 US$
153;Southern;27.943;-22 ;21.419 US$;-8,8%;US$4.739,0 ;112,9%;118.700 US$;57.076 US$
154;AutoNation;25.000;-9 ;21.336 US$;-0,4%;US$450,0 ;13,6%;10.543 US$;2.511 US$
155;DXC Technology;130.000;-33 ;21.184 US$;-13,7%;US$1.257,0 ;-28,2%;29.574 US$;3.311 US$
156;McDonald's;205.000;-7 ;21.077 US$;0,2%;US$6.025,4 ;1,7%;47.511 US$;123.260 US$
157;Marriott International;174.000;-6 ;20.972 US$;1,0%;US$1.273,0 ;-33,2%;25.051 US$;24.255 US$
158;ManpowerGroup;28.000;-17 ;20.864 US$;-5,1%;US$465,7 ;-16,3%;9.224 US$;3.109 US$
159;Bank of New York Mellon;48.400;4 ;20.822 US$;8,4%;US$4.441,0 ;4,1%;381.508 US$;29.809 US$
160;Hartford Financial Services Group;19.500;1 ;20.740 US$;4,6%;US$2.085,0 ;15,4%;70.817 US$;12.625 US$
161;Danaher;60.000;-1 ;20.521 US$;3,2%;US$3.008,2 ;13,5%;62.082 US$;96.457 US$
162;Whirlpool;77.000;-14 ;20.419 US$;-2,9%;US$1.184,0 ;-;18.881 US$;5.378 US$
163;AECOM;86.000;-6 ;20.173 US$;0,1%;-US$261,1 ;-291,3%;14.462 US$;4.735 US$
164;Netflix;8.600;33 ;20.156 US$;27,6%;US$1.866,9 ;54,1%;33.976 US$;164.772 US$
165;Kohl's;79.500;-9 ;19.974 US$;-1,3%;US$691,0 ;-13,7%;14.555 US$;2.265 US$
166;Lear;164.100;-19 ;19.810 US$;-6,3%;US$753,6 ;-34,5%;12.681 US$;4.913 US$
167;Altria Group;7.300;-5 ;19.796 US$;0,9%;-US$1.293,0 ;-118,6%;49.271 US$;71.863 US$
168;Performance Food Group;18.000;8 ;19.744 US$;12,1%;US$166,8 ;-16,1%;4.654 US$;2.897 US$
169;Avnet;15.500;-4 ;19.519 US$;2,5%;US$176,3 ;-;8.565 US$;2.506 US$
170;Synchrony Financial;16.500;3 ;19.461 US$;6,6%;US$3.747,0 ;34,3%;104.826 US$;9.871 US$
171;Genuine Parts;55.000;-2 ;19.392 US$;3,5%;US$621,1 ;-23,4%;14.646 US$;9.789 US$
172;NextEra Energy;14.800;12 ;19.204 US$;14,8%;US$3.769,0 ;-43,2%;117.691 US$;117.655 US$
173;CarMax;25.946;1 ;19.146 US$;6,5%;US$842,4 ;26,8%;18.718 US$;8.795 US$
174;Tenet Healthcare;101.104;-2 ;18.479 US$;0,9%;-US$232,0 ;-309,0%;23.351 US$;1.502 US$
175;Kimberly-Clark;40.000;-4 ;18.450 US$;-0,2%;US$2.157,0 ;53,0%;15.283 US$;43.663 US$
176;Emerson Electric;88.000;2 ;18.372 US$;5,5%;US$2.306,0 ;4,7%;20.497 US$;29.154 US$
177;WestRock;51.100;13 ;18.289 US$;12,3%;US$862,9 ;-54,7%;30.157 US$;7.304 US$
178;CDW;9.900;13 ;18.032 US$;11,0%;US$736,8 ;14,6%;7.999 US$;13.316 US$
179;Jones Lang LaSalle;93.400;10 ;17.983 US$;10,2%;US$535,3 ;10,5%;13.673 US$;5.207 US$
180;Sherwin-Williams;61.111;-3 ;17.901 US$;2,1%;US$1.541,3 ;39,0%;20.496 US$;42.186 US$
181;Fluor;53.349;-17 ;17.817 US$;-7,0%;-US$1.305,0 ;-680,4%;7.884 US$;969 US$
182;PayPal Holdings;23.200;22 ;17.772 US$;15,0%;US$2.459,0 ;19,5%;51.333 US$;112.299 US$
183;D.R. Horton;8.916;11 ;17.593 US$;9,5%;US$1.618,5 ;10,8%;15.607 US$;12.456 US$
184;HollyFrontier;4.074;-9 ;17.487 US$;-1,3%;US$772,4 ;-29,7%;12.165 US$;3.968 US$
185;Tenneco;78.000;82 ;17.450 US$;48,3%;-US$334,0 ;-707,3%;13.226 US$;292 US$
186;EOG Resources;2.900;-5 ;17.380 US$;0,6%;US$2.734,9 ;-20,0%;37.125 US$;20.907 US$
187;Becton Dickinson;70.093;8 ;17.290 US$;8,2%;US$1.233,0 ;296,5%;51.765 US$;62.308 US$
188;Lincoln National;11.357;-1 ;17.258 US$;5,1%;US$886,0 ;-46,0%;334.761 US$;5.142 US$
189;PG&E;23.000;-6 ;17.129 US$;2,2%;-US$7.656,0 ;-;85.196 US$;4.763 US$
190;salesforce.com;49.000;50 ;17.098 US$;28,7%;US$126,0 ;-88,6%;55.126 US$;128.862 US$
191;Mastercard;18.600;19 ;16.883 US$;12,9%;US$8.118,0 ;38,6%;29.236 US$;242.794 US$
192;General Mills;40.000;8 ;16.865 US$;7,1%;US$1.752,7 ;-17,8%;30.111 US$;31.986 US$
193;Molina Healthcare;10.000;-25 ;16.829 US$;-10,9%;US$737,0 ;4,2%;6.787 US$;8.501 US$
194;Cognizant Technology Solutions;292.500;-1 ;16.783 US$;4,1%;US$1.842,0 ;-12,3%;16.204 US$;25.495 US$
195;Marsh & McLennan;76.000;15 ;16.652 US$;11,4%;US$1.742,0 ;5,6%;31.357 US$;43.567 US$
196;XPO Logistics;100.000;-16 ;16.648 US$;-3,7%;US$419,0 ;-0,7%;14.128 US$;4.502 US$
197;Dominion Energy;19.100;41 ;16.572 US$;24,0%;US$1.358,0 ;-44,5%;103.823 US$;60.515 US$
198;Western Digital;61.800;-46 ;16.569 US$;-19,8%;-US$754,0 ;-211,7%;26.370 US$;12.442 US$
199;Gap;129.000;-13 ;16.383 US$;-1,2%;US$351,0 ;-65,0%;13.679 US$;2.614 US$
200;Aramark;233.400;-2 ;16.227 US$;2,8%;US$448,5 ;-21,0%;13.736 US$;5.038 US$
201;Principal Financial;17.601;18 ;16.222 US$;13,9%;US$1.394,2 ;-9,8%;276.088 US$;8.609 US$
202;Ross Stores;92.500;7 ;16.039 US$;7,0%;US$1.660,9 ;4,6%;9.348 US$;30.952 US$
203;Colgate-Palmolive;34.300;-1 ;15.693 US$;1,0%;US$2.367,0 ;-1,4%;15.034 US$;56.900 US$
204;American Electric Power;17.408;-12 ;15.561 US$;-3,9%;US$1.921,1 ;-0,1%;75.892 US$;39.577 US$
205;Nordstrom;75.000;-9 ;15.524 US$;-2,1%;US$496,0 ;-12,1%;9.737 US$;2.398 US$
206;Jacobs Engineering Group;50.000;2 ;15.464 US$;3,2%;US$848,0 ;418,9%;11.463 US$;10.547 US$
207;Waste Management;44.900;6 ;15.455 US$;3,6%;US$1.670,0 ;-13,2%;27.743 US$;39.211 US$
208;C.H. Robinson Worldwide;15.427;-23 ;15.310 US$;-7,9%;US$577,0 ;-13,2%;4.641 US$;8.695 US$
209;PPG Industries;47.600;-4 ;15.146 US$;-1,5%;US$1.243,0 ;-7,3%;17.708 US$;19.722 US$
210;Booking Holdings;26.400;6 ;15.066 US$;3,7%;US$4.865,0 ;21,7%;21.402 US$;55.241 US$
211;Omnicom Group;70.000;-5 ;14.954 US$;-2,2%;US$1.339,1 ;1,0%;26.783 US$;11.906 US$
212;Loews;18.605;14 ;14.931 US$;6,1%;US$932,0 ;46,5%;82.243 US$;10.023 US$
213;Ecolab;50.200;2 ;14.906 US$;1,6%;US$1.558,9 ;9,1%;20.869 US$;45.061 US$
214;Stryker;40.000;19 ;14.884 US$;9,4%;US$2.083,0 ;-41,4%;30.167 US$;62.405 US$
215;Estee Lauder;48.000;16 ;14.863 US$;8,6%;US$1.785,0 ;61,1%;13.156 US$;57.289 US$
216;Goodyear Tire & Rubber;63.000;-13 ;14.745 US$;-4,7%;-US$311,0 ;-144,9%;17.185 US$;1.354 US$
217;Truist Financial;59.000;29 ;14.664 US$;12,8%;US$3.224,0 ;-0,4%;473.078 US$;41.480 US$
218;Applied Materials;22.000;-36 ;14.608 US$;-15,3%;US$2.706,0 ;-18,3%;19.024 US$;42.077 US$
219;BlackRock;16.200;2 ;14.539 US$;2,4%;US$4.476,0 ;4,0%;168.622 US$;68.120 US$
220;Stanley Black & Decker;59.438;8 ;14.442 US$;3,3%;US$955,8 ;57,9%;20.597 US$;15.403 US$
221;Freeport-McMoRan;27.500;-51 ;14.402 US$;-22,7%;-US$239,0 ;-109,2%;40.809 US$;9.794 US$
222;Texas Instruments;29.768;-23 ;14.383 US$;-8,9%;US$5.017,0 ;-10,1%;18.018 US$;93.303 US$
223;Biogen;7.400;12 ;14.378 US$;6,9%;US$5.888,5 ;32,9%;27.234 US$;55.070 US$
224;Parker-Hannifin;55.610;-6 ;14.320 US$;0,1%;US$1.512,4 ;42,6%;17.577 US$;16.653 US$
225;Reinsurance Group of America;3.188;26 ;14.300 US$;11,1%;US$870,0 ;21,5%;76.731 US$;5.186 US$
226;Howmet Aerospace;41.700;1 ;14.192 US$;1,3%;US$470,0 ;-26,8%;17.578 US$;7.001 US$
227;Automatic Data Processing;58.000;12 ;14.175 US$;6,4%;US$2.292,8 ;41,5%;41.888 US$;59.012 US$
228;Uber Technologies;26.900;-;14.147 US$;25,5%;-US$8.506,0 ;-953,2%;31.761 US$;48.226 US$
229;Illinois Tool Works;45.000;-15 ;14.109 US$;-4,5%;US$2.521,0 ;-1,6%;15.068 US$;45.126 US$
230;DaVita;65.000;-42 ;14.102 US$;-13,9%;US$811,0 ;408,8%;17.311 US$;9.553 US$
231;Discover Financial Services;17.200;22 ;13.989 US$;8,9%;US$2.957,0 ;7,8%;113.996 US$;10.924 US$
232;Land O'Lakes;8.000;-20 ;13.888 US$;-7,0%;US$205,9 ;-19,1%;8.899 US$;-
233;VF;75.000;19 ;13.871 US$;7,8%;US$1.259,8 ;91,3%;10.357 US$;21.347 US$
234;Corteva;21.000;-;13.846 US$;-;-US$959,0 ;-;42.397 US$;17.608 US$
235;Las Vegas Sands;50.000;-5 ;13.739 US$;0,1%;US$2.698,0 ;11,8%;23.199 US$;32.434 US$
236;Textron;35.000;-7 ;13.630 US$;-2,4%;US$815,0 ;-33,3%;15.018 US$;6.071 US$
237;Kellogg;31.000;-3 ;13.578 US$;0,2%;US$960,0 ;-28,1%;17.564 US$;20.547 US$
238;Guardian Life Ins. Co. of America;9.032;6 ;13.477 US$;3,5%;US$679,8 ;46,2%;79.388 US$;-
239;Qurate Retail;25.314;-14 ;13.458 US$;-4,3%;-US$456,0 ;-149,8%;17.305 US$;2.540 US$
240;Core-Mark Holding;8.555;10 ;13.329 US$;3,3%;US$57,7 ;26,8%;1.898 US$;1.295 US$
241;Community Health Systems;71.500;-18 ;13.210 US$;-6,7%;-US$675,0 ;-;15.609 US$;394 US$
242;Kinder Morgan;11.086;-18 ;13.209 US$;-6,6%;US$2.190,0 ;36,1%;74.157 US$;31.530 US$
243;BJ's Wholesale Club;27.231;2 ;13.191 US$;1,4%;US$187,2 ;47,1%;5.270 US$;3.496 US$
244;State Street;39.103;3 ;13.131 US$;1,2%;US$2.242,0 ;-13,7%;245.610 US$;18.876 US$
245;Ameriprise Financial;12.500;4 ;13.103 US$;1,4%;US$1.893,0 ;-9,8%;151.828 US$;12.602 US$
246;Global Partners;3.860;8 ;13.082 US$;3,2%;US$35,9 ;-65,5%;2.808 US$;300 US$
247;United States Steel;27.500;-25 ;12.937 US$;-8,8%;-US$630,0 ;-156,5%;11.608 US$;1.074 US$
248;L Brands;59.950;-7 ;12.914 US$;-2,4%;-US$366,4 ;-156,9%;10.125 US$;3.197 US$
249;MGM Resorts International;72.000;17 ;12.900 US$;9,7%;US$2.049,1 ;339,0%;33.876 US$;5.814 US$
250;L3Harris Technologies;50.000;224 ;12.856 US$;108,0%;US$1.333,0 ;85,7%;38.336 US$;39.067 US$
251;DISH Network;16.000;-19 ;12.808 US$;-6,0%;US$1.399,5 ;-11,1%;33.231 US$;10.456 US$
252;Lithia Motors;14.320;13 ;12.673 US$;7,2%;US$271,5 ;2,2%;6.084 US$;1.910 US$
253;DTE Energy;10.700;-33 ;12.669 US$;-10,9%;US$1.169,0 ;4,4%;41.882 US$;18.290 US$
254;American Family Insurance Group;13.531;52 ;12.633 US$;22,2%;US$455,9 ;54,4%;31.124 US$;-
255;Farmers Insurance Exchange;10.980;15 ;12.593 US$;8,1%;US$55,3 ;-;17.457 US$;-
256;Consolidated Edison;14.890;3 ;12.574 US$;1,9%;US$1.343,0 ;-2,8%;58.079 US$;26.035 US$
257;LKQ;51.000;5 ;12.506 US$;5,3%;US$541,3 ;12,7%;12.780 US$;6.311 US$
258;Sempra Energy;13.969;11 ;12.443 US$;6,5%;US$2.197,0 ;109,4%;65.665 US$;33.037 US$
259;Edison International;12.937;-4 ;12.347 US$;-2,4%;US$1.284,0 ;-;64.382 US$;19.868 US$
260;CenterPoint Energy;14.262;39 ;12.301 US$;16,2%;US$791,0 ;114,9%;35.439 US$;7.765 US$
261;Quanta Services;40.300;22 ;12.112 US$;8,4%;US$402,0 ;37,1%;8.332 US$;4.537 US$
262;Murphy USA;7.250;-5 ;12.101 US$;-3,4%;US$154,8 ;-27,5%;2.687 US$;2.557 US$
263;Expedia Group;25.400;17 ;12.067 US$;7,5%;US$565,0 ;39,2%;21.416 US$;7.877 US$
264;Group 1 Automotive;15.296;8 ;12.044 US$;3,8%;US$174,0 ;10,3%;5.570 US$;813 US$
265;Bed Bath & Beyond;62.000;-7 ;12.029 US$;-2,6%;-US$137,2 ;-132,3%;6.571 US$;535 US$
266;Unum Group;10.300;7 ;11.999 US$;3,5%;US$1.100,3 ;110,2%;67.013 US$;3.047 US$
267;CSX;20.908;-7 ;11.937 US$;-2,6%;US$3.331,0 ;0,7%;38.257 US$;44.162 US$
268;AutoZone;75.840;13 ;11.864 US$;5,7%;US$1.617,2 ;20,9%;9.896 US$;19.756 US$
269;Pacific Life;3.815;29 ;11.847 US$;10,7%;US$725,0 ;-20,6%;171.473 US$;-
270;Vistra Energy;5.475;67 ;11.809 US$;29,1%;US$928,0 ;-;26.616 US$;7.795 US$
271;Charles Schwab;19.700;18 ;11.785 US$;7,2%;US$3.704,0 ;5,6%;294.005 US$;43.278 US$
272;Crown Holdings;33.043;12 ;11.665 US$;4,6%;US$510,0 ;16,2%;15.505 US$;7.876 US$
273;Ally Financial;8.700;30 ;11.618 US$;11,0%;US$1.715,0 ;35,8%;180.644 US$;5.403 US$
274;Laboratory Corp. of America;65.000;4 ;11.555 US$;2,0%;US$823,8 ;-6,8%;18.046 US$;12.298 US$
275;Live Nation Entertainment;18.200;17 ;11.548 US$;7,0%;US$69,9 ;16,0%;10.976 US$;9.753 US$
276;Xcel Energy;11.295;-2 ;11.529 US$;-0,1%;US$1.372,0 ;8,8%;50.448 US$;31.638 US$
277;Corning;49.500;2 ;11.503 US$;1,9%;US$960,0 ;-9,9%;28.898 US$;15.664 US$
278;W.W. Grainger;24.550;4 ;11.486 US$;2,4%;US$849,0 ;8,6%;6.005 US$;13.338 US$
279;Ball;18.300;-8 ;11.474 US$;-1,4%;US$566,0 ;24,7%;17.360 US$;21.065 US$
280;Fox;7.700;-;11.389 US$;-;US$1.595,0 ;-;19.509 US$;14.143 US$
281;Universal Health Services;79.050;12 ;11.378 US$;5,6%;US$814,9 ;4,5%;11.668 US$;8.593 US$
282;Baxter International;50.000;4 ;11.362 US$;2,4%;US$1.001,0 ;-35,3%;18.193 US$;41.180 US$
283;Norfolk Southern;24.587;-6 ;11.296 US$;-1,4%;US$2.722,0 ;2,1%;37.923 US$;37.537 US$
284;Navistar International;12.300;24 ;11.251 US$;9,8%;US$221,0 ;-35,0%;6.917 US$;1.641 US$
285;Adobe;22.634;54 ;11.171 US$;23,7%;US$2.951,5 ;13,9%;20.762 US$;153.328 US$
286;J.C. Penney;90.000;-25 ;11.167 US$;-7,1%;-US$268,0 ;-;7.989 US$;116 US$
287;Discovery;9.200;13 ;11.144 US$;5,6%;US$2.069,0 ;248,3%;33.735 US$;9.503 US$
288;Keurig Dr Pepper;25.500;121 ;11.120 US$;49,4%;US$1.254,0 ;114,0%;49.518 US$;34.148 US$
289;Leidos Holdings;34.000;22 ;11.094 US$;8,8%;US$667,0 ;14,8%;9.367 US$;13.000 US$
290;IQVIA Holdings;67.000;15 ;11.088 US$;6,5%;US$191,0 ;-26,3%;23.251 US$;20.797 US$
291;Reliance Steel & Aluminum;15.300;-16 ;10.974 US$;-4,9%;US$701,5 ;10,7%;8.131 US$;5.856 US$
292;Nvidia;13.775;-24 ;10.918 US$;-6,8%;US$2.796,0 ;-32,5%;17.315 US$;161.451 US$
293;Entergy;13.635;-5 ;10.879 US$;-1,2%;US$1.241,2 ;46,3%;51.724 US$;18.871 US$
294;FirstEnergy;12.316;-31 ;10.850 US$;-8,5%;US$912,0 ;-32,3%;42.301 US$;21.666 US$
295;eBay;13.300;-;10.800 US$;0,5%;US$1.786,0 ;-29,4%;18.174 US$;23.930 US$
296;Boston Scientific;36.000;23 ;10.735 US$;9,3%;US$4.700,0 ;181,3%;30.565 US$;45.656 US$
297;Office Depot;40.000;-12 ;10.647 US$;-4,3%;US$99,0 ;-4,8%;7.311 US$;868 US$
298;Molson Coors Beverage;17.700;-4 ;10.579 US$;-1,8%;US$241,7 ;-78,4%;28.860 US$;8.441 US$
299;Steel Dynamics;8.385;-35 ;10.465 US$;-11,5%;US$671,1 ;-46,7%;8.276 US$;4.794 US$
300;Mutual of Omaha Insurance;6.072;36 ;10.456 US$;11,9%;US$271,5 ;-2,1%;50.174 US$;-
301;Sonic Automotive;9.300;15 ;10.454 US$;5,1%;US$144,1 ;179,1%;4.071 US$;567 US$
302;Alcoa;13.800;-66 ;10.433 US$;-22,2%;-US$1.125,0 ;-595,6%;14.631 US$;1.145 US$
303;Fidelity National Information Services;55.000;58 ;10.333 US$;22,7%;US$298,0 ;-64,8%;83.806 US$;74.969 US$
304;Henry Schein;19.000;-62 ;10.305 US$;-21,9%;US$694,7 ;29,6%;7.151 US$;7.244 US$
305;Republic Services;36.000;9 ;10.299 US$;2,6%;US$1.073,3 ;3,5%;22.684 US$;23.956 US$
306;Liberty Media;6.753;74 ;10.292 US$;28,0%;US$106,0 ;-80,0%;44.189 US$;9.972 US$
307;Peter Kiewit Sons';23.000;33 ;10.283 US$;13,9%;US$419,0 ;-10,5%;5.717 US$;-
308;Interpublic Group;54.300;14 ;10.221 US$;5,2%;US$656,0 ;6,0%;17.752 US$;6.279 US$
309;PulteGroup;5.245;3 ;10.213 US$;0,2%;US$1.016,7 ;-0,5%;10.716 US$;6.015 US$
310;AES;8.000;-14 ;10.189 US$;-5,1%;US$303,0 ;-74,8%;33.648 US$;9.041 US$
311;Fiserv;44.000;177 ;10.187 US$;74,9%;US$893,0 ;-24,8%;77.539 US$;64.508 US$
312;BorgWarner;29.000;-11 ;10.168 US$;-3,4%;US$746,0 ;-19,8%;9.702 US$;5.037 US$
313;Oneok;2.882;-57 ;10.164 US$;-19,3%;US$1.278,6 ;11,0%;21.812 US$;9.015 US$
314;O'Reilly Automotive;67.663;15 ;10.150 US$;6,4%;US$1.391,0 ;5,0%;10.717 US$;22.353 US$
315;Assurant;13.900;63 ;10.087 US$;25,2%;US$382,6 ;52,4%;44.291 US$;6.218 US$
316;Newell Brands;30.000;-73 ;10.083 US$;-22,6%;US$106,6 ;-;15.642 US$;5.949 US$
317;Public Service Enterprise Group;12.992;6 ;10.076 US$;3,9%;US$1.693,0 ;17,7%;47.730 US$;22.685 US$
318;News Corp.;28.000;23 ;10.074 US$;11,6%;US$155,0 ;-;15.711 US$;5.280 US$
319;Calpine;2.256;11 ;10.072 US$;5,9%;US$770,0 ;7600,0%;16.649 US$;-
320;Auto-Owners Insurance;6.141;62 ;10.007 US$;25,1%;US$1.352,4 ;79,2%;27.135 US$;-
321;Mohawk Industries;41.800;-6 ;9.971 US$;-0,1%;US$744,2 ;-13,6%;13.387 US$;5.464 US$
322;PVH;30.750;2 ;9.909 US$;2,6%;US$417,3 ;-44,1%;13.631 US$;2.746 US$
322;Campbell Soup;19.000;27 ;9.909 US$;14,1%;US$211,0 ;-19,2%;13.148 US$;13.929 US$
324;NRG Energy;4.577;-33 ;9.871 US$;-8,6%;US$4.438,0 ;1556,0%;12.531 US$;6.830 US$
325;Fifth Third Bancorp;19.869;59 ;9.790 US$;22,8%;US$2.512,0 ;14,5%;169.369 US$;10.560 US$
326;Hertz Global Holdings;38.000;5 ;9.779 US$;2,9%;-US$58,0 ;-;24.627 US$;878 US$
327;Altice USA;10.700;-;9.761 US$;2,0%;US$138,9 ;637,7%;34.108 US$;14.110 US$
328;Newmont;16.600;91 ;9.740 US$;34,3%;US$2.805,0 ;722,6%;39.974 US$;36.577 US$
329;Cheniere Energy;1.530;54 ;9.730 US$;21,8%;US$648,0 ;37,6%;35.492 US$;8.512 US$
330;Advance Auto Parts;53.000;-4 ;9.709 US$;1,3%;US$486,9 ;14,9%;11.249 US$;6.461 US$
331;Lam Research;10.700;-44 ;9.654 US$;-12,9%;US$2.191,4 ;-7,9%;12.001 US$;34.932 US$
332;Owens & Minor;15.400;-15 ;9.650 US$;-1,9%;-US$62,4 ;-;3.643 US$;577 US$
333;Equitable Holdings;10.100;-;9.591 US$;-20,6%;-US$1.733,0 ;-195,2%;249.870 US$;6.707 US$
334;Conagra Brands;18.000;52 ;9.538 US$;20,2%;US$678,3 ;-16,1%;22.214 US$;14.291 US$
335;Markel;18.600;106 ;9.526 US$;39,2%;US$1.790,5 ;-;37.474 US$;12.787 US$
336;Jones Financial (Edward Jones);49.000;20 ;9.526 US$;10,8%;US$1.092,0 ;10,3%;19.317 US$;-
337;Hormel Foods;18.800;-9 ;9.497 US$;-0,5%;US$978,8 ;-3,3%;8.109 US$;25.082 US$
338;Hilton Worldwide Holdings;173.000;7 ;9.452 US$;6,1%;US$881,0 ;15,3%;14.957 US$;18.933 US$
339;Univar Solutions;10.300;14 ;9.444 US$;9,4%;-US$100,2 ;-158,2%;6.495 US$;1.810 US$
340;United Rentals;19.100;39 ;9.351 US$;16,2%;US$1.174,0 ;7,1%;18.970 US$;7.623 US$
341;Pioneer Natural Resources;2.323;-8 ;9.304 US$;-1,2%;US$756,0 ;-22,7%;19.067 US$;11.625 US$
342;Delek US Holdings;3.707;-35 ;9.298 US$;-9,4%;US$310,6 ;-8,7%;7.016 US$;1.190 US$
343;Eastman Chemical;14.500;-30 ;9.273 US$;-8,6%;US$759,0 ;-29,7%;16.008 US$;6.330 US$
344;EMCOR Group;36.000;31 ;9.175 US$;12,8%;US$325,1 ;14,7%;4.830 US$;3.450 US$
345;Avis Budget Group;25.600;-7 ;9.172 US$;0,5%;US$302,0 ;83,0%;23.126 US$;967 US$
346;J.B. Hunt Transport Services;29.056;8 ;9.165 US$;6,4%;US$516,3 ;5,5%;5.471 US$;9.800 US$
347;Xerox Holdings;27.000;-29 ;9.145 US$;-7,0%;US$1.353,0 ;274,8%;15.047 US$;4.030 US$
348;Wayfair;16.985;98 ;9.127 US$;34,6%;-US$984,6 ;-;2.953 US$;5.043 US$
349;KKR;1.384;177 ;9.120 US$;74,6%;US$2.005,0 ;77,3%;60.899 US$;19.913 US$
350;AGCO;20.961;-15 ;9.041 US$;-3,3%;US$125,2 ;-56,1%;7.760 US$;3.546 US$
351;Alleghany;10.786;86 ;9.041 US$;31,3%;US$857,8 ;2069,5%;26.932 US$;7.924 US$
352;Icahn Enterprises;28.033;-186 ;8.992 US$;-52,6%;-US$1.098,0 ;-172,9%;24.639 US$;10.366 US$
353;Voya Financial;6.000;-10 ;8.942 US$;0,1%;-US$351,0 ;-140,1%;169.051 US$;5.366 US$
354;Ryder System;39.900;9 ;8.926 US$;6,1%;-US$24,4 ;-108,9%;14.475 US$;1.381 US$
355;Air Products & Chemicals;17.570;-11 ;8.919 US$;-0,1%;US$1.760,0 ;17,5%;18.943 US$;44.050 US$
356;Mosaic;12.600;-31 ;8.906 US$;-7,1%;-US$1.067,4 ;-327,1%;19.299 US$;4.098 US$
357;Huntington Ingalls Industries;42.000;14 ;8.899 US$;8,8%;US$549,0 ;-34,3%;7.031 US$;7.420 US$
358;Berry Global Group;48.000;31 ;8.878 US$;12,8%;US$404,0 ;-18,5%;16.469 US$;4.463 US$
359;Anixter International;9.400;5 ;8.846 US$;5,3%;US$262,9 ;68,2%;4.809 US$;2.973 US$
360;Alaska Air Group;24.134;8 ;8.781 US$;6,3%;US$769,0 ;76,0%;12.993 US$;3.490 US$
361;Yum China Holdings;450.000;1 ;8.776 US$;4,3%;US$713,0 ;0,7%;6.950 US$;16.033 US$
362;Dick's Sporting Goods;28.450;-3 ;8.751 US$;3,7%;US$297,5 ;-7,0%;6.629 US$;1.848 US$
363;Caesars Entertainment;64.000;2 ;8.742 US$;4,2%;-US$1.195,0 ;-494,4%;25.345 US$;4.612 US$
364;Genworth Financial;3.100;-4 ;8.681 US$;3,0%;US$343,0 ;188,2%;101.342 US$;1.676 US$
365;Targa Resources;2.680;-63 ;8.671 US$;-17,3%;-US$209,2 ;-13175,0%;18.815 US$;1.611 US$
366;Coty;19.000;-32 ;8.649 US$;-8,0%;-US$3.784,2 ;-;17.665 US$;3.924 US$
367;Dana;36.300;6 ;8.620 US$;5,9%;US$226,0 ;-47,1%;7.220 US$;1.128 US$
368;Thrivent Financial for Lutherans;3.235;-17 ;8.612 US$;-0,3%;US$968,1 ;-21,5%;102.478 US$;-
369;Autoliv;61.957;-48 ;8.548 US$;-12,8%;US$461,5 ;142,4%;6.771 US$;4.017 US$
370;SpartanNash;13.800;7 ;8.536 US$;5,8%;US$5,7 ;-82,9%;2.276 US$;521 US$
371;Eversource Energy;8.234;-13 ;8.527 US$;0,9%;US$909,1 ;-12,0%;41.124 US$;25.835 US$
372;Darden Restaurants;184.514;4 ;8.510 US$;5,3%;US$713,4 ;19,7%;5.893 US$;6.580 US$
373;Chesapeake Energy;2.300;-64 ;8.489 US$;-17,0%;-US$308,0 ;-135,3%;16.193 US$;338 US$
374;National Oilwell Varco;34.645;-17 ;8.479 US$;0,3%;-US$6.095,0 ;-;13.149 US$;3.794 US$
375;Fidelity National Financial;23.484;27 ;8.469 US$;11,5%;US$1.062,0 ;69,1%;10.677 US$;6.854 US$
376;Erie Insurance Group;5.778;5 ;8.443 US$;5,1%;US$551,0 ;-19,7%;23.347 US$;-
377;Oshkosh;15.400;18 ;8.382 US$;8,8%;US$579,4 ;22,8%;5.566 US$;4.394 US$
378;Casey's General Stores;26.866;30 ;8.365 US$;11,9%;US$203,9 ;-35,9%;3.731 US$;4.875 US$
379;WESCO International;9.500;-9 ;8.359 US$;2,2%;US$223,4 ;-1,7%;5.018 US$;957 US$
380;Tractor Supply;24.000;8 ;8.352 US$;5,6%;US$562,4 ;5,6%;5.289 US$;9.810 US$
381;CommScope Holding;30.000;188 ;8.345 US$;82,7%;-US$929,5 ;-762,9%;14.432 US$;1.779 US$
382;Huntsman;10.000;-106 ;8.342 US$;-27,6%;US$562,0 ;66,8%;8.320 US$;3.217 US$
383;American Financial Group;7.700;44 ;8.237 US$;15,2%;US$897,0 ;69,2%;70.130 US$;6.331 US$
384;Masco;22.000;-18 ;8.235 US$;-1,5%;US$935,0 ;27,4%;5.027 US$;9.118 US$
385;Sanmina;38.500;44 ;8.234 US$;15,8%;US$141,5 ;-;3.906 US$;1.927 US$
386;Amphenol;74.000;-17 ;8.225 US$;0,3%;US$1.155,0 ;-4,1%;10.816 US$;21.726 US$
387;Williams;4.812;-39 ;8.201 US$;-5,6%;US$850,0 ;-;46.040 US$;17.166 US$
388;Westinghouse Air Brake;27.500;201 ;8.200 US$;87,9%;US$326,7 ;10,8%;18.944 US$;9.227 US$
389;Expeditors Intl. of Washington;18.000;-15 ;8.175 US$;0,5%;US$590,4 ;-4,5%;3.692 US$;11.208 US$
390;Andersons;2.284;364 ;8.170 US$;168,3%;US$18,3 ;-55,9%;3.901 US$;629 US$
391;Westlake Chemical;9.430;-39 ;8.118 US$;-6,0%;US$421,0 ;-57,7%;13.261 US$;4.901 US$
392;Constellation Brands;9.800;11 ;8.116 US$;7,0%;US$3.435,9 ;48,2%;29.232 US$;27.601 US$
393;Frontier Communications;18.317;-38 ;8.107 US$;-5,9%;-US$5.911,0 ;-;17.488 US$;40 US$
394;JetBlue Airways;19.032;5 ;8.094 US$;5,7%;US$569,0 ;202,7%;11.918 US$;2.526 US$
395;Citizens Financial Group;17.997;20 ;8.066 US$;9,7%;US$1.791,0 ;4,1%;165.733 US$;8.040 US$
396;Raymond James Financial;14.200;11 ;8.023 US$;7,3%;US$1.034,0 ;20,7%;38.830 US$;8.803 US$
397;Foot Locker;33.294;-12 ;8.005 US$;0,8%;US$491,0 ;-9,2%;6.589 US$;2.297 US$
398;Hershey;15.330;-7 ;7.986 US$;2,5%;US$1.149,7 ;-2,4%;8.140 US$;27.792 US$
399;Zimmer Biomet Holdings;19.900;-12 ;7.982 US$;0,6%;US$1.131,6 ;-;24.639 US$;20.891 US$
400;Cincinnati Financial;5.200;115 ;7.924 US$;46,5%;US$1.997,4 ;595,6%;25.408 US$;12.242 US$
401;Western & Southern Financial Group;2.787;20 ;7.921 US$;9,9%;US$244,9 ;-50,5%;54.703 US$;-
402;W.R. Berkley;7.493;-5 ;7.902 US$;2,7%;US$681,9 ;6,4%;26.643 US$;9.569 US$
403;Motorola Solutions;17.000;13 ;7.887 US$;7,4%;US$868,0 ;-10,1%;10.642 US$;22.803 US$
404;Thor Industries;21.750;-37 ;7.865 US$;-5,6%;US$133,3 ;-69,0%;5.660 US$;2.328 US$
405;Regeneron Pharmaceuticals;8.100;45 ;7.863 US$;17,2%;US$2.115,8 ;-13,4%;14.805 US$;53.722 US$
406;Spirit AeroSystems Holdings;18.200;14 ;7.863 US$;8,9%;US$530,1 ;-14,1%;7.606 US$;2.507 US$
407;J.M. Smucker;7.400;7 ;7.838 US$;6,5%;US$514,4 ;-61,6%;16.711 US$;12.658 US$
408;PPL;12.280;-16 ;7.769 US$;-0,2%;US$1.746,0 ;-4,4%;45.680 US$;18.950 US$
409;Insight Enterprises;11.261;21 ;7.731 US$;9,2%;US$159,4 ;-2,6%;4.178 US$;1.486 US$
410;Quest Diagnostics;47.000;-6 ;7.726 US$;2,6%;US$858,0 ;16,6%;12.843 US$;10.716 US$
411;KeyCorp;17.045;2 ;7.694 US$;4,1%;US$1.717,0 ;-8,0%;144.988 US$;10.058 US$
412;Veritiv;8.000;-65 ;7.659 US$;-11,9%;-US$29,5 ;-;2.511 US$;127 US$
413;DCP Midstream;2.250;-93 ;7.625 US$;-22,4%;US$17,0 ;-94,3%;14.127 US$;848 US$
414;American Tower;5.454;-4 ;7.580 US$;1,9%;US$1.887,8 ;52,7%;42.802 US$;96.444 US$
415;Graybar Electric;9.000;8 ;7.524 US$;4,5%;US$144,5 ;0,8%;2.518 US$;-
416;WEC Energy Group;7.509;-18 ;7.523 US$;-2,0%;US$1.134,0 ;7,1%;34.952 US$;27.799 US$
417;NVR;5.700;7 ;7.428 US$;3,3%;US$878,5 ;10,2%;3.810 US$;9.475 US$
418;Ulta Beauty;31.000;31 ;7.398 US$;10,1%;US$705,9 ;7,2%;4.864 US$;9.894 US$
419;Devon Energy;1.800;-122 ;7.372 US$;-31,3%;-US$355,0 ;-111,6%;13.717 US$;2.646 US$
420;Blackstone Group;2.905;22 ;7.338 US$;7,4%;US$2.049,7 ;32,9%;32.586 US$;30.696 US$
421;Dean Foods;14.500;-28 ;7.329 US$;-5,5%;-US$499,9 ;-;2.229 US$;10 US$
422;Fortive;25.000;-;7.326 US$;1,7%;US$738,9 ;-74,6%;17.439 US$;18.567 US$
423;UGI;12.800;-23 ;7.320 US$;-4,3%;US$256,2 ;-64,4%;13.347 US$;5.562 US$
424;Burlington Stores;47.000;27 ;7.286 US$;9,3%;US$465,1 ;12,1%;5.594 US$;10.441 US$
425;Builders FirstSource;15.800;-31 ;7.280 US$;-5,8%;US$221,8 ;8,1%;3.250 US$;1.420 US$
426;Toll Brothers;5.100;2 ;7.224 US$;1,1%;US$590,0 ;-21,1%;10.828 US$;2.440 US$
427;Old Republic International;9.000;54 ;7.214 US$;19,8%;US$1.056,4 ;185,1%;21.076 US$;4.635 US$
428;Asbury Automotive Group;8.500;11 ;7.210 US$;4,9%;US$184,4 ;9,8%;2.911 US$;1.065 US$
429;Arthur J. Gallagher;33.247;6 ;7.195 US$;3,8%;US$668,8 ;5,6%;19.635 US$;15.455 US$
430;MasTec;21.000;6 ;7.183 US$;4,0%;US$392,3 ;51,1%;4.997 US$;2.507 US$
431;Owens Corning;19.000;-;7.160 US$;1,5%;US$405,0 ;-25,7%;10.006 US$;4.201 US$
432;Magellan Health;10.100;-15 ;7.159 US$;-2,1%;US$55,9 ;131,2%;3.092 US$;1.188 US$
433;Dover;24.000;-21 ;7.136 US$;-3,5%;US$677,9 ;18,9%;8.670 US$;12.094 US$
434;Beacon Roofing Supply;8.147;30 ;7.105 US$;10,7%;-US$10,6 ;-110,8%;6.393 US$;1.138 US$
435;Avery Dennison;30.000;-10 ;7.070 US$;-1,2%;US$303,6 ;-35,0%;5.489 US$;8.485 US$
436;Hanesbrands;63.000;8 ;6.967 US$;2,4%;US$600,7 ;11,3%;7.354 US$;2.817 US$
437;Packaging Corp. of America;15.500;-5 ;6.964 US$;-0,7%;US$696,4 ;-5,6%;7.236 US$;8.236 US$
438;M&T Bank;17.386;24 ;6.941 US$;7,5%;US$1.929,1 ;0,6%;119.873 US$;13.441 US$
439;NCR;36.000;26 ;6.915 US$;8,0%;US$564,0 ;-;8.987 US$;2.287 US$
440;Northern Trust;19.800;13 ;6.895 US$;3,5%;US$1.492,2 ;-4,1%;136.828 US$;15.791 US$
441;Cintas;45.000;18 ;6.892 US$;6,2%;US$885,0 ;5,0%;7.437 US$;18.024 US$
442;Polaris;14.000;34 ;6.863 US$;11,3%;US$324,0 ;-3,4%;4.431 US$;2.959 US$
443;CMS Energy;8.459;-3 ;6.845 US$;-0,4%;US$680,0 ;3,5%;26.837 US$;16.697 US$
444;Seaboard;13.100;11 ;6.840 US$;3,9%;US$283,0 ;-;6.285 US$;3.274 US$
445;Intuit;9.400;37 ;6.784 US$;13,7%;US$1.557,0 ;28,6%;6.283 US$;59.913 US$
446;Regions Financial;19.564;1 ;6.755 US$;-0,1%;US$1.582,0 ;-10,1%;126.240 US$;8.588 US$
447;FM Global;5.591;65 ;6.743 US$;24,2%;US$2.479,3 ;1436,1%;25.054 US$;-
448;Advanced Micro Devices;11.400;12 ;6.731 US$;4,0%;US$341,0 ;1,2%;6.028 US$;53.250 US$
449;Ovintiv;2.571;-;6.726 US$;13,3%;US$234,0 ;-78,1%;21.487 US$;702 US$
450;Booz Allen Hamilton Holding;26.100;25 ;6.704 US$;8,6%;US$418,5 ;37,2%;3.832 US$;9.624 US$
451;S&P Global;22.500;19 ;6.699 US$;7,0%;US$2.123,0 ;8,4%;11.348 US$;59.042 US$
452;Rockwell Automation;23.000;-;6.695 US$;0,4%;US$695,8 ;29,9%;6.113 US$;17.533 US$
453;O-I Glass;27.500;-15 ;6.691 US$;-2,7%;-US$400,0 ;-255,6%;9.610 US$;1.109 US$
454;Wynn Resorts;30.200;-6 ;6.611 US$;-1,6%;US$123,0 ;-78,5%;13.871 US$;6.471 US$
455;Securian Financial Group;6.400;51 ;6.601 US$;20,1%;US$434,8 ;34,9%;63.138 US$;-
456;Alliance Data Systems;8.500;-66 ;6.581 US$;-15,5%;US$278,0 ;-71,1%;26.495 US$;1.603 US$
457;Weyerhaeuser;9.400;-51 ;6.554 US$;-12,3%;-US$76,0 ;-110,2%;16.406 US$;12.637 US$
457;Brighthouse Financial;1.330;-115 ;6.554 US$;-26,9%;-US$740,0 ;-185,5%;227.259 US$;2.540 US$
459;Intercontinental Exchange;5.989;10 ;6.547 US$;4,3%;US$1.933,0 ;-2,8%;94.493 US$;44.343 US$
460;American Axle & Manufacturing;20.000;-42 ;6.531 US$;-10,2%;-US$484,5 ;-;6.645 US$;408 US$
461;Hess;1.775;-;6.510 US$;0,7%;-US$408,0 ;-;21.782 US$;10.164 US$
462;ABM Industries;140.000;1 ;6.499 US$;0,9%;US$127,4 ;30,3%;3.693 US$;1.623 US$
463;Activision Blizzard;9.200;-58 ;6.489 US$;-13,5%;US$1.503,0 ;-17,1%;19.845 US$;45.753 US$
464;GameStop;30.000;-118 ;6.466 US$;-26,9%;-US$470,9 ;-;2.820 US$;226 US$
465;Apache;3.163;-54 ;6.411 US$;-13,6%;-US$3.553,0 ;-8982,5%;18.107 US$;1.577 US$
466;Science Applications International;24.311;94 ;6.379 US$;36,9%;US$226,0 ;65,0%;4.711 US$;4.317 US$
467;AK Steel Holding;9.300;-24 ;6.359 US$;-6,7%;US$11,2 ;-94,0%;4.591 US$;-
468;Dillard's;30.400;-10 ;6.343 US$;-2,5%;US$111,1 ;-34,8%;3.430 US$;864 US$
469;Ralph Lauren;18.650;4 ;6.313 US$;2,1%;US$430,9 ;164,7%;5.943 US$;4.928 US$
470;Celanese;7.714;-44 ;6.297 US$;-12,0%;US$852,0 ;-29,4%;9.476 US$;8.775 US$
471;R.R. Donnelley & Sons;36.400;-26 ;6.276 US$;-7,7%;-US$93,2 ;-;3.330 US$;68 US$
472;Zoetis;10.600;15 ;6.260 US$;7,5%;US$1.500,0 ;5,0%;11.545 US$;55.895 US$
473;Ascena Retail Group;33.000;-16 ;6.243 US$;-5,1%;-US$661,4 ;-;2.700 US$;14 US$
474;Clorox;8.800;3 ;6.214 US$;1,5%;US$820,0 ;-0,4%;5.116 US$;21.674 US$
475;Ingredion;11.000;11 ;6.209 US$;6,3%;US$413,0 ;-6,8%;6.040 US$;5.050 US$
476;First American Financial;18.412;15 ;6.202 US$;7,9%;US$707,4 ;49,1%;11.519 US$;4.791 US$
477;Graphic Packaging Holding;18.000;3 ;6.160 US$;2,3%;US$206,8 ;-6,5%;7.290 US$;3.542 US$
478;NetApp;10.500;5 ;6.146 US$;4,0%;US$1.169,0 ;1438,2%;8.741 US$;9.221 US$
478;HD Supply Holdings;11.500;1 ;6.146 US$;1,6%;US$452,0 ;14,7%;4.715 US$;4.605 US$
480;TravelCenters of America;18.594;-47 ;6.117 US$;-12,3%;US$33,3 ;-;3.231 US$;81 US$
481;Olin;6.500;-47 ;6.110 US$;-12,0%;-US$11,3 ;-103,4%;9.188 US$;1.842 US$
482;Robert Half International;16.000;8 ;6.074 US$;4,7%;US$454,4 ;4,6%;2.311 US$;4.346 US$
483;EnLink Midstream;1.355;-87 ;6.053 US$;-21,4%;-US$1.119,3 ;-;9.336 US$;537 US$
484;Avantor;12.000;-;6.040 US$;3,0%;US$37,8 ;-;9.773 US$;7.156 US$
485;Tapestry;17.400;-1 ;6.027 US$;2,5%;US$643,4 ;61,9%;6.877 US$;3.575 US$
486;TD Ameritrade Holding;9.226;23 ;6.016 US$;10,3%;US$2.208,0 ;49,9%;43.786 US$;18.739 US$
487;Analog Devices;16.400;-15 ;5.991 US$;-3,4%;US$1.363,0 ;-8,9%;21.393 US$;33.011 US$
488;Ameren;9.323;-20 ;5.910 US$;-6,1%;US$828,0 ;1,6%;28.933 US$;17.970 US$
489;Williams-Sonoma;19.300;6 ;5.898 US$;4,0%;US$356,1 ;6,7%;4.054 US$;3.282 US$
490;Realogy Holdings;10.150;-12 ;5.870 US$;-3,4%;-US$188,0 ;-237,2%;7.543 US$;347 US$
491;Commercial Metals;11.524;54 ;5.829 US$;17,8%;US$198,1 ;43,0%;3.759 US$;1.880 US$
492;Rush Enterprises;7.244;12 ;5.810 US$;5,5%;US$141,6 ;1,8%;3.407 US$;1.146 US$
493;Franklin Resources;9.597;-26 ;5.775 US$;-8,6%;US$1.195,7 ;56,4%;14.532 US$;8.293 US$
494;Fortune Brands Home & Security;24.700;14 ;5.765 US$;5,1%;US$431,9 ;10,9%;6.291 US$;6.042 US$
495;Levi Strauss;15.800;5 ;5.763 US$;3,4%;US$394,6 ;39,4%;4.232 US$;4.961 US$
496;Crown Castle International;5.100;17 ;5.763 US$;7,3%;US$860,0 ;38,3%;38.457 US$;60.179 US$
497;Simon Property Group;3.750;-1 ;5.755 US$;1,7%;US$2.101,6 ;-13,9%;31.232 US$;16.835 US$
498;Cerner;27.400;22 ;5.693 US$;6,1%;US$529,5 ;-16,0%;6.895 US$;19.164 US$
499;Post Holdings;10.100;-28 ;5.681 US$;-9,2%;US$124,7 ;-73,3%;11.952 US$;5.732 US$
500;Huntington Bancshares;15.664;24 ;5.655 US$;7,3%;US$1.411,0 ;1,3%;109.002 US$;8.399 US$
501;KBR;28.000;47 ;5.639 US$;14,8%;US$202,0 ;-28,1%;5.364 US$;2.943 US$
502;Sprouts Farmers Market;30.000;25 ;5.635 US$;8,2%;US$149,6 ;-5,6%;2.723 US$;2.185 US$
503;LPL Financial Holdings;4.343;28 ;5.625 US$;8,4%;US$559,9 ;27,4%;5.880 US$;4.305 US$
504;T. Rowe Price;7.365;15 ;5.618 US$;4,6%;US$2.131,3 ;16,0%;9.330 US$;22.788 US$
505;Yum Brands;34.000;-11 ;5.597 US$;-1,6%;US$1.294,0 ;-16,1%;5.231 US$;20.615 US$
506;Chipotle Mexican Grill;83.000;45 ;5.586 US$;14,8%;US$350,2 ;98,3%;5.105 US$;18.171 US$
507;Patterson;7.800;3 ;5.575 US$;2,0%;US$83,6 ;-58,4%;3.269 US$;1.465 US$
508;RPM International;14.957;14 ;5.565 US$;4,6%;US$266,6 ;-21,1%;5.441 US$;7.721 US$
509;Equinix;8.378;30 ;5.562 US$;9,7%;US$507,5 ;38,9%;23.966 US$;53.366 US$
510;Navient;5.800;-13 ;5.529 US$;-1,4%;US$597,0 ;51,1%;94.903 US$;1.466 US$
511;Chemours;7.000;-57 ;5.526 US$;-16,8%;-US$52,0 ;-105,2%;7.258 US$;1.456 US$
512;ON Semiconductor;34.800;-27 ;5.518 US$;-6,1%;US$211,7 ;-66,3%;8.426 US$;5.114 US$
513;TransDigm Group;18.300;137 ;5.517 US$;44,3%;US$889,8 ;-7,0%;16.255 US$;17.190 US$
514;Host Hotels & Resorts;175;-12 ;5.469 US$;-1,0%;US$920,0 ;-15,4%;12.305 US$;7.793 US$
515;Select Medical Holdings;42.800;23 ;5.454 US$;7,3%;US$148,4 ;7,7%;7.340 US$;2.015 US$
516;Par Pacific Holdings;1.408;181 ;5.402 US$;58,4%;US$40,8 ;3,5%;2.701 US$;381 US$
517;Sonoco Products;23.000;1 ;5.374 US$;-0,3%;US$291,8 ;-6,9%;5.126 US$;4.651 US$
518;Roper Technologies;16.460;12 ;5.367 US$;3,4%;US$1.767,9 ;87,2%;18.109 US$;33.086 US$
519;Harley-Davidson;5.600;-27 ;5.362 US$;-6,2%;US$423,6 ;-20,3%;10.528 US$;2.893 US$
520;Jefferies Financial Group;4.800;-148 ;5.359 US$;-34,3%;US$964,7 ;-6,0%;49.460 US$;3.788 US$
521;Kelly Services;7.700;-18 ;5.356 US$;-2,9%;US$112,4 ;390,8%;2.481 US$;496 US$
522;Microchip Technology;18.286;107 ;5.350 US$;34,4%;US$355,9 ;39,4%;18.350 US$;16.241 US$
523;McCormick;12.400;-9 ;5.347 US$;-1,1%;US$702,7 ;-24,7%;10.362 US$;18.767 US$
524;MDU Resources Group;13.359;50 ;5.337 US$;17,8%;US$335,5 ;23,2%;7.683 US$;4.310 US$
525;Fastenal;21.948;19 ;5.334 US$;7,4%;US$790,9 ;5,2%;3.800 US$;17.950 US$
526;Big Lots;22.250;-1 ;5.323 US$;1,6%;US$242,5 ;54,5%;3.189 US$;557 US$
527;Penn National Gaming;28.300;149 ;5.301 US$;47,8%;US$43,9 ;-53,1%;14.195 US$;1.478 US$
528;Western Union;11.500;-30 ;5.292 US$;-5,3%;US$1.058,3 ;24,2%;8.759 US$;7.490 US$
529;Under Armour;11.700;-;5.267 US$;1,4%;US$92,1 ;-;4.844 US$;3.878 US$
530;Xylem;16.300;-2 ;5.249 US$;0,8%;US$401,0 ;-27,0%;7.710 US$;11.738 US$
531;Skechers U.S.A.;8.550;28 ;5.243 US$;12,4%;US$346,6 ;15,1%;4.893 US$;3.725 US$
532;Domtar;10.000;-21 ;5.220 US$;-4,3%;US$84,0 ;-70,3%;4.903 US$;1.218 US$
533;NiSource;8.363;2 ;5.209 US$;1,8%;US$383,1 ;-;22.660 US$;9.545 US$
534;Marathon Oil;2.000;-78 ;5.190 US$;-21,1%;US$480,0 ;-56,2%;20.245 US$;2.618 US$
535;National General Holdings;9.200;30 ;5.180 US$;12,4%;US$348,1 ;67,9%;9.757 US$;1.882 US$
536;Telephone & Data Systems;9.400;-;5.176 US$;1,3%;US$121,0 ;-10,4%;10.781 US$;1.924 US$
537;Agilent Technologies;16.300;10 ;5.163 US$;5,1%;US$1.071,0 ;238,9%;9.452 US$;22.177 US$
538;Ametek;18.100;14 ;5.159 US$;6,5%;US$861,3 ;10,7%;9.845 US$;16.506 US$
539;Evergy;4.617;59 ;5.148 US$;20,4%;US$669,9 ;25,0%;25.976 US$;12.478 US$
540;International Flavors & Fragrances;13.668;90 ;5.140 US$;29,2%;US$455,9 ;35,2%;13.287 US$;10.902 US$
541;ADT;17.500;25 ;5.126 US$;11,9%;-US$424,2 ;-;16.084 US$;3.283 US$
542;Welltower;443;16 ;5.121 US$;9,0%;US$1.232,4 ;53,1%;33.381 US$;18.795 US$
543;Windstream Holdings;11.945;-50 ;5.115 US$;-10,5%;-US$3.090,0 ;-;9.898 US$;2 US$
544;Michaels;28.000;-21 ;5.072 US$;-3,8%;US$272,6 ;-14,7%;3.838 US$;238 US$
545;Kemper;8.900;115 ;5.039 US$;35,3%;US$531,1 ;179,4%;12.989 US$;4.970 US$
546;Hyatt Hotels;55.000;34 ;5.020 US$;12,7%;US$766,0 ;-0,4%;8.417 US$;4.853 US$
547;Alexion Pharmaceuticals;3.082;67 ;4.991 US$;20,8%;US$2.404,3 ;2998,3%;17.545 US$;19.942 US$
548;Resideo Technologies;13.000;-;4.988 US$;-;US$36,0 ;-;5.128 US$;595 US$
549;CACI International;22.100;29 ;4.986 US$;11,6%;US$265,6 ;-11,8%;5.087 US$;5.294 US$
550;Electronic Arts;9.700;-17 ;4.950 US$;-3,9%;US$1.019,0 ;-2,3%;8.957 US$;29.017 US$
551;Vulcan Materials;9.173;37 ;4.929 US$;12,5%;US$617,7 ;19,7%;10.649 US$;14.325 US$
552;TreeHouse Foods;10.800;-63 ;4.927 US$;-15,2%;-US$361,0 ;-;5.139 US$;2.484 US$
553;Global Payments;24.000;150 ;4.912 US$;45,9%;US$430,6 ;-4,7%;44.480 US$;43.288 US$
554;Hanover Insurance Group;4.300;-38 ;4.897 US$;-9,4%;US$425,1 ;8,7%;12.491 US$;3.457 US$
555;Camping World Holdings;11.508;-2 ;4.892 US$;2,1%;-US$60,6 ;-682,7%;3.376 US$;502 US$
556;Cornerstone Building Brands;20.100;431 ;4.890 US$;144,4%;-US$15,4 ;-124,4%;5.564 US$;575 US$
557;YRC Worldwide;29.000;-20 ;4.871 US$;-4,3%;-US$104,0 ;-614,9%;1.832 US$;61 US$
558;CME Group;4.360;36 ;4.868 US$;13,0%;US$2.116,5 ;7,9%;75.215 US$;61.985 US$
559;Chewy;12.000;-;4.847 US$;37,2%;-US$252,4 ;-;932 US$;14.944 US$
560;Knight-Swift Transportation Holdings;23.700;-39 ;4.844 US$;-9,4%;US$309,2 ;-26,3%;8.282 US$;5.569 US$
561;Moody's;11.081;21 ;4.829 US$;8,7%;US$1.422,0 ;8,6%;10.265 US$;39.594 US$
562;Coca-Cola Consolidated;15.850;1 ;4.827 US$;4,3%;US$11,4 ;-;3.127 US$;1.955 US$
563;Carlisle;14.000;7 ;4.812 US$;5,8%;US$472,8 ;-22,6%;5.496 US$;6.977 US$
564;Sealed Air;16.500;-9 ;4.791 US$;1,2%;US$263,0 ;36,2%;5.765 US$;3.822 US$
565;A-Mark Precious Metals;183;-164 ;4.783 US$;-37,1%;US$2,2 ;-;705 US$;86 US$
566;Watsco;5.800;6 ;4.770 US$;4,9%;US$246,0 ;1,2%;2.556 US$;6.050 US$
567;Taylor Morrison Home;2.300;37 ;4.762 US$;12,6%;US$254,7 ;23,4%;5.246 US$;1.479 US$
568;IAC/InterActiveCorp;8.700;32 ;4.757 US$;11,6%;US$431,1 ;-31,2%;8.333 US$;15.192 US$
569;Leggett & Platt;22.000;30 ;4.753 US$;11,3%;US$333,8 ;9,1%;4.816 US$;3.528 US$
570;OneMain Holdings;9.700;33 ;4.749 US$;12,2%;US$855,0 ;91,3%;22.817 US$;2.604 US$
571;Schneider National;15.650;-29 ;4.747 US$;-4,6%;US$147,0 ;-45,3%;3.660 US$;3.426 US$
572;Martin Marietta Materials;8.846;29 ;4.739 US$;11,7%;US$611,9 ;30,2%;10.132 US$;11.770 US$
573;NortonLifeLock;11.900;-23 ;4.731 US$;-3,2%;US$31,0 ;-97,3%;15.938 US$;11.233 US$
574;Hasbro;5.600;-7 ;4.720 US$;3,1%;US$520,5 ;136,1%;8.856 US$;9.794 US$
575;Square;3.835;140 ;4.714 US$;42,9%;US$375,4 ;-;4.551 US$;22.798 US$
576;Terex;9.500;-42 ;4.680 US$;-8,7%;US$54,4 ;-52,2%;3.196 US$;1.015 US$
577;Syneos Health;24.000;10 ;4.676 US$;6,5%;US$131,3 ;440,5%;7.454 US$;4.109 US$
578;FMC;6.400;-22 ;4.662 US$;-1,5%;US$477,4 ;-4,9%;9.873 US$;10.574 US$
579;Boise Cascade;6.010;-39 ;4.643 US$;-7,0%;US$80,9 ;295,2%;1.693 US$;932 US$
580;SS&C Technologies Holdings;22.800;115 ;4.633 US$;35,4%;US$438,5 ;324,9%;16.741 US$;11.204 US$
581;Continental Resources;1.260;-24 ;4.632 US$;-1,6%;US$775,6 ;-21,5%;15.728 US$;2.789 US$
582;Peabody Energy;6.600;-83 ;4.623 US$;-17,2%;-US$211,3 ;-132,7%;6.543 US$;282 US$
583;Encompass Health;35.690;13 ;4.605 US$;7,7%;US$358,7 ;22,7%;6.081 US$;6.303 US$
584;Greif;17.000;55 ;4.595 US$;18,6%;US$171,0 ;-18,3%;5.427 US$;1.698 US$
585;Concho Resources;1.453;26 ;4.592 US$;10,6%;-US$705,0 ;-130,8%;24.732 US$;8.429 US$
586;Hubbell;18.800;-9 ;4.591 US$;2,4%;US$400,9 ;11,3%;4.903 US$;6.239 US$
587;CF Industries Holdings;2.987;-3 ;4.590 US$;3,6%;US$493,1 ;70,1%;12.172 US$;5.880 US$
588;KLA;10.020;35 ;4.569 US$;13,2%;US$1.175,6 ;46,5%;9.009 US$;22.534 US$
589;Genesis Healthcare;55.000;-46 ;4.566 US$;-8,3%;US$14,6 ;-;4.662 US$;139 US$
590;Brunswick;12.828;-58 ;4.557 US$;-11,7%;-US$131,0 ;-149,4%;3.564 US$;2.807 US$
591;KB Home;2.140;-20 ;4.553 US$;0,1%;US$268,8 ;57,8%;5.016 US$;1.631 US$
592;Globe Life;3.196;3 ;4.528 US$;5,2%;US$760,8 ;8,5%;25.978 US$;7.729 US$
593;Mattel;24.000;-18 ;4.505 US$;-0,2%;-US$213,5 ;-;5.325 US$;3.056 US$
594;Ryerson Holding;4.500;-8 ;4.502 US$;2,1%;US$82,4 ;-22,3%;2.022 US$;199 US$
595;Silgan Holdings;13.220;-14 ;4.490 US$;0,9%;US$193,8 ;-13,5%;4.931 US$;3.215 US$
596;Zebra Technologies;8.200;11 ;4.485 US$;6,3%;US$544,0 ;29,2%;4.711 US$;9.916 US$
597;Intuitive Surgical;7.326;64 ;4.479 US$;20,3%;US$1.379,3 ;22,3%;9.733 US$;57.432 US$
598;Warner Music Group;5.400;29 ;4.475 US$;11,7%;US$256,0 ;-16,6%;6.017 US$;-
599;Conduent;67.000;-82 ;4.467 US$;-17,2%;-US$1.934,0 ;-;4.514 US$;519 US$
600;Tutor Perini;9.100;-21 ;4.451 US$;-0,1%;-US$387,7 ;-564,7%;4.486 US$;339 US$
601;Juniper Networks;9.419;-39 ;4.445 US$;-4,3%;US$345,0 ;-39,1%;8.838 US$;6.326 US$
602;Noble Energy;2.282;-61 ;4.438 US$;-11,0%;-US$1.512,0 ;-;20.647 US$;2.930 US$
603;Vertiv Holdings;19.800;-;4.431 US$;3,4%;-US$140,8 ;-;4.657 US$;2.841 US$
604;Tiffany;14.100;-21 ;4.424 US$;-0,4%;US$541,1 ;-7,7%;6.660 US$;15.694 US$
605;EQT;647;-59 ;4.417 US$;-10,7%;-US$1.221,7 ;-;18.809 US$;1.806 US$
606;UFP Industries;12.000;-30 ;4.416 US$;-1,6%;US$179,7 ;20,9%;1.890 US$;2.297 US$
607;Diebold Nixdorf;22.000;-39 ;4.409 US$;-3,7%;-US$341,3 ;-;3.791 US$;273 US$
608;Antero Resources;547;5 ;4.409 US$;6,5%;-US$340,1 ;-;15.198 US$;204 US$
609;Meritor;9.100;-;4.388 US$;5,0%;US$291,0 ;148,7%;2.815 US$;979 US$
610;Broadridge Financial Solutions;11.000;-19 ;4.362 US$;0,7%;US$482,1 ;12,7%;3.881 US$;10.887 US$
611;Church & Dwight;4.800;1 ;4.358 US$;5,1%;US$615,9 ;8,3%;6.657 US$;15.774 US$
612;Marriott Vacations Worldwide;22.000;159 ;4.355 US$;46,7%;US$138,0 ;150,9%;9.214 US$;2.280 US$
613;Edwards Lifesciences;13.900;40 ;4.348 US$;15,2%;US$1.046,9 ;45,0%;6.488 US$;39.106 US$
614;Colfax;15.000;52 ;4.326 US$;18,0%;-US$527,6 ;-476,4%;7.387 US$;2.339 US$
615;Insperity;3.500;33 ;4.315 US$;12,7%;US$151,1 ;11,6%;1.395 US$;1.469 US$
616;American Eagle Outfitters;27.000;8 ;4.308 US$;6,8%;US$191,3 ;-27,0%;3.329 US$;1.329 US$
617;Keysight Technologies;13.600;21 ;4.303 US$;11,0%;US$621,0 ;276,4%;6.623 US$;15.681 US$
618;JELD-WEN Holding;23.300;-28 ;4.290 US$;-1,3%;US$63,0 ;-55,6%;3.381 US$;980 US$
619;Iron Mountain;25.000;-14 ;4.263 US$;0,9%;US$267,4 ;-26,4%;13.817 US$;6.839 US$
620;Nasdaq;4.361;-23 ;4.262 US$;-0,4%;US$774,0 ;69,0%;13.924 US$;15.605 US$
621;Gartner;16.724;10 ;4.245 US$;6,8%;US$233,3 ;90,5%;7.151 US$;8.872 US$
622;Sinclair Broadcast Group;11.800;129 ;4.240 US$;38,8%;US$47,0 ;-86,2%;17.370 US$;1.473 US$
623;Ingles Markets;18.630;-6 ;4.202 US$;2,7%;US$81,6 ;-16,2%;1.867 US$;733 US$
624;Monster Beverage;3.092;27 ;4.201 US$;10,3%;US$1.107,8 ;11,6%;5.150 US$;30.206 US$
625;Murphy Oil;822;218 ;4.194 US$;63,2%;US$1.149,7 ;179,7%;11.719 US$;941 US$
626;Vertex Pharmaceuticals;3.000;126 ;4.163 US$;36,6%;US$1.176,8 ;-43,9%;8.319 US$;61.693 US$
627;First Republic Bank;4.812;52 ;4.157 US$;16,3%;US$930,3 ;9,0%;116.264 US$;14.094 US$
628;Bloomin' Brands;94.000;-13 ;4.139 US$;0,3%;US$130,6 ;21,9%;3.593 US$;621 US$
629;Spectrum Brands Holdings;13.000;-124 ;4.139 US$;-24,8%;US$471,9 ;-38,6%;5.231 US$;1.669 US$
630;Quad/Graphics;19.600;-22 ;4.137 US$;-1,3%;-US$156,3 ;-1938,8%;2.417 US$;136 US$
631;Flowers Foods;9.700;2 ;4.124 US$;4,4%;US$164,5 ;4,7%;3.178 US$;4.341 US$
632;CUNA Mutual Group;3.600;30 ;4.123 US$;11,5%;US$219,6 ;2,2%;24.610 US$;-
633;Allegheny Technologies;8.100;-12 ;4.123 US$;1,9%;US$257,6 ;15,8%;5.635 US$;1.076 US$
634;Old Dominion Freight Line;20.105;-12 ;4.109 US$;1,6%;US$615,5 ;1,6%;3.996 US$;15.692 US$
635;Landstar System;1.333;-71 ;4.090 US$;-11,5%;US$227,7 ;-10,8%;1.428 US$;3.785 US$
636;American National Insurance;4.640;74 ;4.070 US$;22,4%;US$620,4 ;290,2%;28.598 US$;2.215 US$
637;Snap-on;12.800;-18 ;4.068 US$;-0,1%;US$693,5 ;2,0%;5.694 US$;5.951 US$
638;Brookdale Senior Living;48.400;-65 ;4.057 US$;-10,5%;-US$267,9 ;-;7.194 US$;575 US$
639;Amkor Technology;29.650;-47 ;4.053 US$;-6,1%;US$120,9 ;-4,9%;4.696 US$;1.878 US$
640;Wyndham Destinations;22.500;-79 ;4.043 US$;-13,1%;US$507,0 ;-24,6%;7.453 US$;1.895 US$
641;PPD;23.000;-;4.031 US$;7,5%;US$47,8 ;-54,1%;5.556 US$;6.208 US$
642;Dentsply Sirona;15.200;-14 ;4.029 US$;1,1%;US$262,9 ;-;8.603 US$;8.599 US$
643;CNO Financial Group;3.300;-50 ;4.016 US$;-6,9%;US$409,4 ;-;33.631 US$;1.795 US$
644;Urban Outfitters;16.800;-10 ;3.984 US$;0,8%;US$168,1 ;-43,6%;3.316 US$;1.392 US$
645;Sabre;9.250;-4 ;3.975 US$;2,8%;US$158,6 ;-53,0%;5.690 US$;1.623 US$
646;Mercury General;4.500;55 ;3.973 US$;17,5%;US$320,1 ;-;5.889 US$;2.254 US$
647;Diamondback Energy;712;288 ;3.964 US$;82,1%;US$240,0 ;-71,6%;23.531 US$;4.147 US$
648;Parsons;15.879;-;3.955 US$;11,1%;US$120,5 ;-45,8%;3.450 US$;3.217 US$
649;Aaron's;12.100;-2 ;3.948 US$;3,1%;US$31,5 ;-84,0%;3.298 US$;1.520 US$
650;Flowserve;17.000;-5 ;3.945 US$;2,9%;US$253,7 ;112,0%;4.920 US$;3.127 US$
651;Carvana;7.324;349 ;3.940 US$;101,5%;-US$114,7 ;-;2.058 US$;8.480 US$
652;ASGN;4.300;46 ;3.924 US$;15,4%;US$174,7 ;10,8%;2.941 US$;1.872 US$
653;Sally Beauty Holdings;30.050;-18 ;3.876 US$;-1,4%;US$271,6 ;5,3%;2.098 US$;944 US$
654;ScanSource;2.700;-11 ;3.873 US$;0,7%;US$57,6 ;73,7%;2.067 US$;542 US$
655;Ventas;516;2 ;3.873 US$;3,4%;US$433,0 ;5,8%;24.692 US$;9.993 US$
656;Country Financial;3.839;15 ;3.868 US$;6,6%;US$167,3 ;-22,3%;15.725 US$;-
657;TriNet Group;2.900;27 ;3.856 US$;10,1%;US$212,0 ;10,4%;2.748 US$;2.589 US$
658;Spirit Airlines;8.938;53 ;3.831 US$;15,3%;US$335,3 ;115,3%;7.043 US$;882 US$
659;Comerica;7.708;15 ;3.817 US$;6,2%;US$1.198,0 ;-3,0%;73.402 US$;4.118 US$
660;Lennox International;11.200;-23 ;3.807 US$;-2,0%;US$408,7 ;13,8%;2.035 US$;7.017 US$
661;Timken;18.829;17 ;3.790 US$;5,8%;US$362,1 ;19,6%;4.860 US$;2.452 US$
662;Paychex;15.450;38 ;3.773 US$;11,6%;US$1.034,4 ;10,8%;8.676 US$;22.570 US$
663;Amerco;21.900;10 ;3.769 US$;4,7%;US$370,9 ;-53,1%;11.892 US$;5.697 US$
664;Worthington Industries;12.000;13 ;3.760 US$;5,0%;US$153,5 ;-21,2%;2.511 US$;1.433 US$
665;Lamb Weston Holdings;7.600;29 ;3.757 US$;9,7%;US$478,6 ;14,8%;3.048 US$;8.342 US$
666;Laureate Education;41.000;-60 ;3.752 US$;-11,1%;US$938,5 ;153,6%;6.516 US$;2.203 US$
667;Penn Mutual Life Insurance;3.318;56 ;3.705 US$;14,7%;US$396,0 ;18,8%;36.679 US$;-
668;iHeartMedia;11.400;-202 ;3.684 US$;-41,8%;-;-;11.021 US$;1.074 US$
669;Brink's;64.300;18 ;3.683 US$;5,6%;US$29,0 ;-;3.764 US$;2.625 US$
670;Sentry Insurance Group;4.217;15 ;3.681 US$;5,2%;US$324,3 ;29,4%;19.753 US$;-
671;Acuity Brands;12.000;-6 ;3.673 US$;-0,2%;US$330,4 ;-5,5%;3.172 US$;3.394 US$
672;Hub Group;5.000;-87 ;3.668 US$;-17,1%;US$107,2 ;-46,9%;1.992 US$;1.557 US$
673;Meritage Homes;1.510;9 ;3.667 US$;3,9%;US$249,7 ;9,8%;3.398 US$;1.373 US$
674;MRC Global;3.345;-64 ;3.662 US$;-12,2%;US$39,0 ;-47,3%;2.325 US$;350 US$
675;Alliant Energy;3.597;5 ;3.648 US$;3,2%;US$557,2 ;8,8%;16.701 US$;11.833 US$
676;Workday;12.200;121 ;3.627 US$;28,5%;-US$480,7 ;-;6.816 US$;30.211 US$
677;BMC Stock Holdings;10.200;-13 ;3.627 US$;-1,5%;US$109,8 ;-8,3%;1.906 US$;1.183 US$
678;Abercrombie & Fitch;26.000;-3 ;3.623 US$;0,9%;US$39,4 ;-47,2%;3.550 US$;560 US$
679;Domino's Pizza;13.100;13 ;3.619 US$;5,4%;US$400,7 ;10,7%;1.382 US$;12.647 US$
680;Lyft;5.683;261 ;3.616 US$;67,7%;-US$2.602,2 ;-;5.691 US$;8.233 US$
681;Meredith;5.615;172 ;3.612 US$;43,9%;US$46,3 ;-53,4%;6.137 US$;554 US$
682;American Water Works;6.800;9 ;3.610 US$;4,9%;US$621,0 ;9,5%;22.682 US$;21.643 US$
683;Albemarle;6.000;19 ;3.589 US$;6,4%;US$533,2 ;-23,1%;9.861 US$;5.993 US$
684;Ciena;6.383;60 ;3.572 US$;15,4%;US$253,4 ;-;3.893 US$;6.111 US$
685;Barnes & Noble;15.538;-18 ;3.553 US$;-3,0%;US$3,8 ;-;1.706 US$;-
686;Weis Markets;23.000;-3 ;3.543 US$;1,0%;US$68,0 ;8,4%;1.676 US$;1.121 US$
687;Illumina;7.700;21 ;3.543 US$;6,3%;US$1.002,0 ;21,3%;7.316 US$;40.149 US$
688;SVB Financial Group;3.564;126 ;3.531 US$;30,1%;US$1.136,9 ;16,7%;71.005 US$;7.788 US$
689;Carter's;20.300;-;3.519 US$;1,6%;US$263,8 ;-6,5%;2.753 US$;2.887 US$
690;Stifel Financial;8.205;39 ;3.515 US$;10,0%;US$448,4 ;13,8%;24.610 US$;2.870 US$
691;Mednax;9.480;-22 ;3.514 US$;-3,7%;-US$1.497,7 ;-657,5%;4.146 US$;981 US$
692;Equifax;11.200;4 ;3.508 US$;2,8%;-US$398,8 ;-233,0%;7.909 US$;14.569 US$
693;Kar Auction Services;13.311;-38 ;3.506 US$;-7,0%;US$188,5 ;-42,5%;6.581 US$;1.546 US$
694;Ashland Global Holdings;4.700;-36 ;3.505 US$;-6,4%;US$505,0 ;343,0%;7.251 US$;3.017 US$
695;Medical Mutual of Ohio;2.801;23 ;3.503 US$;7,4%;US$83,7 ;-46,9%;2.542 US$;-
696;Sprague Resources;770;-42 ;3.502 US$;-7,1%;US$31,3 ;-60,8%;1.276 US$;299 US$
697;Super Micro Computer;3.670;-;3.500 US$;4,2%;US$71,9 ;55,8%;1.683 US$;1.091 US$
698;Designer Brands;16.100;34 ;3.493 US$;9,7%;US$94,5 ;-;2.465 US$;357 US$
699;Pitney Bowes;11.000;-40 ;3.478 US$;-6,9%;US$194,6 ;-13,0%;5.467 US$;350 US$
700;Applied Industrial Technologies;6.650;47 ;3.473 US$;13,0%;US$144,0 ;1,7%;2.332 US$;1.768 US$
701;Pinnacle West Capital;6.210;-38 ;3.471 US$;-6,0%;US$538,3 ;5,3%;18.479 US$;8.522 US$
702;American Equity Investment Life Holding;608;-;3.464 US$;123,9%;US$246,1 ;-46,3%;69.697 US$;1.716 US$
703;ServiceNow;10.371;134 ;3.460 US$;32,6%;US$626,7 ;-;6.022 US$;54.393 US$
704;Twitter;4.900;52 ;3.459 US$;13,7%;US$1.465,7 ;21,6%;12.703 US$;19.213 US$
705;Calumet Specialty Products Partners;1.500;-19 ;3.453 US$;-1,3%;-US$43,6 ;-;1.858 US$;82 US$
706;Steelcase;12.700;44 ;3.443 US$;12,7%;US$126,0 ;56,1%;2.142 US$;1.157 US$
707;Sanderson Farms;17.055;15 ;3.440 US$;6,3%;US$53,3 ;-13,2%;1.774 US$;2.742 US$
708;WABCO Holdings;13.911;-62 ;3.421 US$;-10,7%;US$245,8 ;-37,6%;4.037 US$;6.924 US$
709;Clean Harbors;14.400;5 ;3.412 US$;3,4%;US$97,7 ;48,9%;4.109 US$;2.866 US$
710;Puget Energy;3.130;-5 ;3.401 US$;1,6%;US$210,7 ;-10,6%;14.660 US$;-
711;Scientific Games;9.800;-7 ;3.400 US$;1,1%;-US$130,0 ;-;7.809 US$;911 US$
712;Granite Construction;4.200;-;3.390 US$;2,2%;-US$105,4 ;-348,5%;2.634 US$;710 US$
713;Carlyle Group;1.775;161 ;3.377 US$;39,1%;US$380,9 ;227,0%;13.809 US$;7.539 US$
714;Skyworks Solutions;9.000;-74 ;3.377 US$;-12,7%;US$853,6 ;-7,1%;4.840 US$;15.156 US$
715;Aleris;5.600;-25 ;3.376 US$;-2,0%;-US$11,8 ;-;2.712 US$;-
716;Triple-S Management;3.992;49 ;3.376 US$;12,7%;US$92,9 ;-;2.819 US$;345 US$
717;Hexion;4.000;-65 ;3.374 US$;-11,1%;-;-;4.146 US$;-
718;Hologic;6.478;8 ;3.367 US$;4,6%;-US$203,6 ;-;6.442 US$;9.271 US$
719;Triumph Group;10.776;9 ;3.365 US$;5,2%;-US$321,8 ;-;2.855 US$;351 US$
720;Darling Ingredients;10.100;-21 ;3.364 US$;-0,7%;US$312,6 ;208,0%;5.345 US$;3.145 US$
721;MSC Industrial Direct;6.700;6 ;3.364 US$;5,0%;US$288,9 ;-12,3%;2.311 US$;3.045 US$
722;Red Hat;13.360;54 ;3.362 US$;15,1%;US$434,0 ;67,7%;5.588 US$;-
723;Synopsys;13.896;17 ;3.361 US$;7,7%;US$532,4 ;23,1%;6.405 US$;19.348 US$
724;PolyOne;5.600;-43 ;3.352 US$;-5,1%;US$588,6 ;268,3%;3.273 US$;1.752 US$
725;Dycom Industries;15.230;13 ;3.340 US$;6,8%;US$57,2 ;-9,0%;2.218 US$;810 US$
726;Cabot;4.500;-6 ;3.337 US$;2,9%;US$157,0 ;-;3.004 US$;1.481 US$
727;Prologis;1.712;72 ;3.331 US$;18,8%;US$1.573,0 ;-4,6%;40.032 US$;59.401 US$
728;Boyd Gaming;24.300;106 ;3.326 US$;26,6%;US$157,6 ;37,0%;6.650 US$;1.609 US$
729;LSC Communications;20.000;-80 ;3.326 US$;-13,1%;-US$295,0 ;-;1.649 US$;3 US$
730;Brown-Forman;4.700;-11 ;3.324 US$;2,3%;US$835,0 ;16,5%;5.139 US$;25.843 US$
731;Stericycle;19.500;-43 ;3.309 US$;-5,1%;-US$346,8 ;-;6.437 US$;4.434 US$
732;CIT Group;3.609;-19 ;3.296 US$;-0,4%;US$529,9 ;18,5%;50.833 US$;1.692 US$
733;MDC Holdings;1.656;15 ;3.293 US$;7,4%;US$238,3 ;13,1%;3.338 US$;1.463 US$
734;Hyster-Yale Materials Handling;7.900;-1 ;3.292 US$;3,7%;US$35,8 ;3,2%;1.847 US$;673 US$
735;Crane;13.000;-29 ;3.283 US$;-1,9%;US$133,3 ;-60,3%;4.424 US$;2.911 US$
736;Cinemark Holdings;22.603;-12 ;3.283 US$;1,9%;US$191,4 ;-10,5%;5.828 US$;1.194 US$
737;Autodesk;10.100;107 ;3.274 US$;27,4%;US$214,5 ;-;6.179 US$;34.267 US$
738;Trimble;11.484;5 ;3.264 US$;5,0%;US$514,3 ;81,9%;6.641 US$;7.963 US$
739;Garrett Motion;7.400;-;3.248 US$;-;US$313,0 ;-;2.275 US$;214 US$
740;Zions Bancorp.;10.188;20 ;3.245 US$;7,0%;US$816,0 ;-7,7%;69.172 US$;4.389 US$
741;Regal Beloit;19.560;-71 ;3.238 US$;-11,2%;US$238,9 ;3,3%;4.431 US$;2.559 US$
742;Service Corp. International;20.457;-12 ;3.231 US$;1,3%;US$369,6 ;-17,4%;13.677 US$;7.084 US$
743;Varian Medical Systems;10.062;34 ;3.225 US$;10,5%;US$291,9 ;94,7%;4.102 US$;9.308 US$
744;PriceSmart;9.000;-10 ;3.224 US$;1,8%;US$73,2 ;-1,5%;1.296 US$;1.609 US$
745;Brinker International;56.147;-8 ;3.218 US$;2,6%;US$154,9 ;23,1%;1.258 US$;449 US$
746;Digital Realty Trust;1.550;7 ;3.209 US$;5,3%;US$579,8 ;75,0%;23.068 US$;36.017 US$
747;Pool;4.500;17 ;3.200 US$;6,7%;US$261,6 ;11,6%;1.483 US$;7.921 US$
748;Crestwood Equity Partners;894;-80 ;3.182 US$;-12,9%;US$285,1 ;461,2%;5.349 US$;308 US$
749;Infor;17.380;-8 ;3.171 US$;1,7%;US$142,0 ;-;6.753 US$;-
750;Plexus;19.000;34 ;3.164 US$;10,1%;US$108,6 ;732,9%;2.001 US$;1.602 US$
751;Teledyne Technologies;11.790;31 ;3.164 US$;9,0%;US$402,3 ;20,5%;4.580 US$;10.893 US$
752;G-III Apparel Group;6.050;-6 ;3.161 US$;2,7%;US$143,8 ;4,2%;2.565 US$;370 US$
753;Scotts Miracle-Gro;5.850;76 ;3.156 US$;18,5%;US$460,7 ;623,2%;3.029 US$;5.693 US$
754;Apollo Global Management;1.421;-;3.145 US$;223,5%;US$843,2 ;-;8.542 US$;7.739 US$
755;E*Trade Financial;4.122;3 ;3.145 US$;3,6%;US$955,0 ;-9,2%;61.416 US$;7.586 US$
756;Toro;9.329;79 ;3.138 US$;19,8%;US$274,0 ;0,8%;2.331 US$;6.963 US$
757;Southwest Gas Holdings;8.944;26 ;3.120 US$;8,3%;US$213,9 ;17,4%;8.170 US$;3.834 US$
758;GMS;5.858;94 ;3.116 US$;24,1%;US$56,0 ;-11,1%;2.150 US$;666 US$
759;Cooper-Standard Holdings;28.000;-87 ;3.108 US$;-14,2%;US$67,5 ;-34,8%;2.636 US$;173 US$
760;Acadia Healthcare;35.600;3 ;3.108 US$;3,2%;US$108,9 ;-;6.879 US$;1.629 US$
761;Tetra Tech;20.000;12 ;3.107 US$;4,8%;US$158,7 ;15,9%;2.147 US$;3.862 US$
762;Primoris Services;9.700;12 ;3.106 US$;5,7%;US$82,3 ;6,3%;1.831 US$;767 US$
763;Tempur Sealy International;7.400;48 ;3.106 US$;13,6%;US$189,5 ;88,6%;3.062 US$;2.277 US$
764;H&R Block;44.600;-29 ;3.095 US$;-2,1%;US$422,5 ;-31,1%;3.300 US$;2.710 US$
765;Qorvo;8.100;3 ;3.090 US$;3,9%;US$133,1 ;-;5.808 US$;9.328 US$
766;TRI Pointe Group;1.386;-49 ;3.083 US$;-5,5%;US$207,2 ;-23,2%;3.859 US$;1.177 US$
767;Cracker Barrel Old Country Store;73.000;-6 ;3.072 US$;1,4%;US$223,4 ;-9,8%;1.581 US$;1.993 US$
768;Elanco Animal Health;6.080;-;3.071 US$;-;US$67,9 ;-;8.986 US$;8.923 US$
769;PRA Health Sciences;17.500;16 ;3.066 US$;6,8%;US$243,0 ;57,9%;3.544 US$;5.278 US$
770;First Solar;6.600;150 ;3.063 US$;36,5%;-US$114,9 ;-179,6%;7.516 US$;3.803 US$
771;AMC Networks;2.588;-2 ;3.060 US$;3,0%;US$380,5 ;-14,7%;5.597 US$;1.351 US$
772;Xilinx;4.433;76 ;3.059 US$;20,5%;US$889,8 ;73,7%;5.151 US$;19.394 US$
773;Green Plains;820;-129 ;3.055 US$;-20,5%;-US$166,9 ;-1147,9%;1.698 US$;170 US$
774;Columbia Sportswear;8.900;26 ;3.043 US$;8,6%;US$330,5 ;23,2%;2.932 US$;4.703 US$
775;Nexstar Media Group;14.891;29 ;3.039 US$;9,9%;US$230,3 ;-40,9%;13.990 US$;2.648 US$
776;Southwestern Energy;923;-134 ;3.038 US$;-21,3%;US$891,0 ;65,9%;6.717 US$;914 US$
777;Greenbrier;17.100;74 ;3.034 US$;20,4%;US$71,1 ;-53,2%;2.991 US$;578 US$
778;Presidio;2.900;10 ;3.026 US$;5,9%;US$35,2 ;-73,8%;2.871 US$;-
779;Citrix Systems;8.400;-12 ;3.011 US$;1,2%;US$681,8 ;18,4%;4.389 US$;17.320 US$
780;Mettler-Toledo International;15.525;-5 ;3.009 US$;2,5%;US$561,1 ;9,5%;2.789 US$;16.559 US$
781;Trinity Industries;11.875;73 ;3.005 US$;19,8%;US$137,6 ;-13,6%;8.701 US$;1.924 US$
782;Mutual of America Life Insurance;1.202;-27 ;3.005 US$;-1,3%;-US$21,2 ;-232,5%;23.658 US$;-
783;Lincoln Electric Holdings;11.000;-21 ;3.003 US$;-0,8%;US$293,1 ;2,1%;2.371 US$;4.151 US$
784;Tailored Brands;16.500;-63 ;2.999 US$;-7,4%;-US$82,3 ;-198,8%;2.419 US$;84 US$
785;A.O. Smith;15.100;-54 ;2.993 US$;-6,1%;US$370,0 ;-16,7%;3.058 US$;6.125 US$
786;ArcBest;13.000;-41 ;2.988 US$;-3,4%;US$40,0 ;-40,6%;1.651 US$;444 US$
787;GoDaddy;7.024;44 ;2.988 US$;12,3%;US$137,0 ;77,7%;6.301 US$;9.988 US$
788;SkyWest;13.700;-63 ;2.972 US$;-7,8%;US$340,1 ;21,3%;6.657 US$;1.316 US$
789;Boston Properties;760;24 ;2.961 US$;9,0%;US$521,5 ;-10,5%;21.285 US$;14.307 US$
790;Enable Midstream Partners;1.735;-97 ;2.960 US$;-13,7%;US$396,0 ;-24,0%;12.266 US$;1.119 US$
791;Middleby;9.778;21 ;2.959 US$;8,7%;US$352,2 ;11,1%;5.002 US$;3.196 US$
792;NOW;4.300;-53 ;2.951 US$;-5,6%;-US$97,0 ;-286,5%;1.591 US$;564 US$
793;Unisys;20.800;3 ;2.949 US$;4,4%;-US$17,2 ;-122,8%;2.504 US$;777 US$
794;Visteon;11.000;-28 ;2.945 US$;-1,3%;US$70,0 ;-57,3%;2.271 US$;1.344 US$
795;Graham Holdings;15.902;26 ;2.932 US$;8,8%;US$327,9 ;20,9%;5.931 US$;1.791 US$
796;Resolute Forest Products;6.700;-140 ;2.923 US$;-22,2%;-US$47,0 ;-120,0%;3.626 US$;109 US$
797;Caleres;11.400;-4 ;2.922 US$;3,1%;US$62,8 ;-;2.432 US$;208 US$
798;AGNC Investment;51;-;2.920 US$;108,3%;US$688,0 ;433,3%;113.082 US$;5.723 US$
799;Hill-Rom Holdings;10.000;-9 ;2.907 US$;2,1%;US$152,2 ;-39,7%;4.919 US$;6.739 US$
800;Moog;12.809;18 ;2.905 US$;7,2%;US$179,7 ;86,3%;3.114 US$;1.713 US$
801;Legg Mason;3.246;-65 ;2.903 US$;-7,5%;-US$28,5 ;-110,0%;7.794 US$;4.245 US$
802;Atmos Energy;4.776;-60 ;2.902 US$;-6,9%;US$511,4 ;-15,2%;13.368 US$;12.133 US$
803;Woodward;9.023;95 ;2.900 US$;24,7%;US$259,6 ;43,9%;3.957 US$;3.698 US$
804;Palo Alto Networks;7.014;108 ;2.900 US$;27,6%;-US$81,9 ;-;6.592 US$;16.348 US$
805;H.B. Fuller;6.369;-48 ;2.897 US$;-4,7%;US$130,8 ;-23,6%;3.986 US$;1.436 US$
806;Akamai Technologies;7.724;9 ;2.894 US$;6,6%;US$478,0 ;60,2%;7.007 US$;14.811 US$
807;Avaya Holdings;7.900;-18 ;2.887 US$;1,3%;-US$671,0 ;-;6.950 US$;771 US$
808;Maximus;29.600;70 ;2.887 US$;20,7%;US$240,8 ;9,1%;1.746 US$;3.722 US$
809;PerkinElmer;13.000;-7 ;2.884 US$;3,8%;US$227,6 ;-4,4%;6.539 US$;8.379 US$
810;Hawaiian Electric Industries;3.841;-23 ;2.875 US$;0,5%;US$217,9 ;8,0%;13.745 US$;4.699 US$
811;Kansas City Southern;7.040;5 ;2.866 US$;5,6%;US$538,9 ;-14,1%;9.787 US$;12.229 US$
812;AptarGroup;14.000;-7 ;2.860 US$;3,4%;US$242,2 ;24,4%;3.562 US$;6.475 US$
813;Public Storage;5.900;-6 ;2.847 US$;3,4%;US$1.520,5 ;-11,1%;11.365 US$;34.685 US$
814;Selective Insurance Group;2.400;25 ;2.847 US$;10,1%;US$271,6 ;51,8%;8.797 US$;2.968 US$
815;ITT;10.500;-7 ;2.846 US$;3,7%;US$325,1 ;-2,6%;4.108 US$;3.993 US$
816;Donaldson;14.100;-6 ;2.845 US$;4,0%;US$267,2 ;48,2%;2.143 US$;4.897 US$
817;Park Hotels & Resorts;488;-8 ;2.844 US$;3,9%;US$306,0 ;-35,2%;11.290 US$;1.898 US$
818;Kirby;5.550;-48 ;2.838 US$;-4,5%;US$142,3 ;81,4%;6.079 US$;2.608 US$
819;Hawaiian Holdings;7.437;-27 ;2.832 US$;-0,2%;US$224,0 ;-4,0%;4.127 US$;480 US$
820;Popular;8.560;7 ;2.831 US$;5,8%;US$671,1 ;8,6%;52.115 US$;3.103 US$
821;Range Resources;655;-105 ;2.828 US$;-13,9%;-US$1.716,3 ;-;6.612 US$;581 US$
822;PC Connection;2.609;-2 ;2.820 US$;4,5%;US$82,1 ;27,1%;937 US$;1.086 US$
823;Amica Mutual Insurance;3.983;-;2.809 US$;4,4%;US$173,3 ;17,8%;6.383 US$;-
824;EnerSys;11.000;17 ;2.808 US$;8,8%;US$160,2 ;34,0%;3.118 US$;2.095 US$
825;Helmerich & Payne;8.502;34 ;2.799 US$;12,5%;-US$33,7 ;-107,0%;5.840 US$;1.704 US$
826;NLV Financial;1.278;-;2.772 US$;45,5%;US$223,5 ;49,0%;35.766 US$;-
827;Valmont Industries;9.862;-21 ;2.767 US$;0,4%;US$153,8 ;63,0%;2.763 US$;2.281 US$
828;PAE;20.000;-;2.764 US$;6,0%;-US$49,8 ;-;1.371 US$;597 US$
829;Texas Roadhouse;35.554;39 ;2.756 US$;12,2%;US$174,5 ;10,3%;1.984 US$;2.867 US$
830;Cooper Tire & Rubber;8.720;-32 ;2.753 US$;-2,0%;US$96,4 ;25,9%;2.802 US$;819 US$
831;Euronet Worldwide;7.700;18 ;2.750 US$;8,4%;US$346,7 ;48,9%;4.658 US$;4.588 US$
832;Zillow Group;5.249;-;2.743 US$;105,7%;-US$305,4 ;-;6.132 US$;7.411 US$
833;Atlas Air Worldwide Holdings;3.587;-7 ;2.739 US$;2,3%;-US$293,1 ;-208,3%;5.386 US$;666 US$
834;Energizer Holdings;7.500;-;2.730 US$;51,8%;US$51,1 ;-45,3%;5.450 US$;2.100 US$
835;Magellan Midstream Partners;1.884;-40 ;2.728 US$;-3,5%;US$1.020,8 ;-23,5%;8.438 US$;8.310 US$
836;Hain Celestial Group;5.441;-64 ;2.711 US$;-8,7%;-US$183,3 ;-1991,0%;2.583 US$;2.711 US$
837;Univision Communications;4.500;-36 ;2.704 US$;-3,2%;US$286,8 ;5875,0%;9.321 US$;-
838;Equity Residential;2.700;4 ;2.701 US$;4,8%;US$970,4 ;47,6%;21.173 US$;22.955 US$
839;Allison Transmission Holdings;3.700;-22 ;2.698 US$;-0,6%;US$604,0 ;-5,5%;4.450 US$;3.819 US$
840;Colony Capital;400;-12 ;2.690 US$;0,9%;-US$1.048,8 ;-;19.832 US$;853 US$
841;TTM Technologies;25.700;-50 ;2.689 US$;-5,5%;US$41,3 ;-76,2%;3.561 US$;1.096 US$
842;Clear Channel Outdoor Holdings;5.900;-;2.684 US$;-1,4%;-US$363,3 ;-;6.393 US$;299 US$
843;Guess;15.800;-7 ;2.678 US$;2,6%;US$96,0 ;580,7%;2.429 US$;444 US$
844;Rent-A-Center;14.500;-14 ;2.670 US$;0,4%;US$173,5 ;1943,6%;1.583 US$;781 US$
845;Take-Two Interactive Software;4.894;-;2.668 US$;48,8%;US$333,8 ;92,4%;4.243 US$;13.453 US$
846;Vishay Intertechnology;22.400;-87 ;2.668 US$;-12,1%;US$163,9 ;-52,6%;3.121 US$;2.084 US$
847;TransUnion;8.000;54 ;2.656 US$;14,6%;US$346,9 ;25,4%;7.113 US$;12.560 US$
848;Cooper;12.000;2 ;2.653 US$;4,8%;US$466,7 ;233,6%;6.275 US$;14.702 US$
849;FleetCor Technologies;8.700;23 ;2.649 US$;8,8%;US$895,1 ;10,3%;12.249 US$;15.936 US$
850;RH;4.750;6 ;2.647 US$;5,7%;US$220,4 ;46,3%;2.446 US$;1.933 US$
851;Renewable Energy Group;829;28 ;2.643 US$;10,6%;US$380,1 ;30,0%;1.785 US$;801 US$
852;BlueLinx Holdings;2.189;-66 ;2.637 US$;-7,9%;-US$17,7 ;-;971 US$;46 US$
853;California Resources;1.250;-104 ;2.634 US$;-14,0%;-US$28,0 ;-108,5%;6.958 US$;49 US$
854;TopBuild;10.400;28 ;2.624 US$;10,1%;US$191,0 ;41,7%;2.604 US$;2.400 US$
855;Charles River Laboratories International;17.100;61 ;2.621 US$;15,7%;US$252,0 ;11,3%;4.693 US$;6.246 US$
856;Comfort Systems USA;12.000;78 ;2.615 US$;19,8%;US$114,3 ;1,3%;1.505 US$;1.338 US$
857;Verisk Analytics;9.180;20 ;2.607 US$;8,9%;US$449,9 ;-24,9%;7.055 US$;22.730 US$
858;ResMed;7.240;36 ;2.607 US$;11,4%;US$404,6 ;28,2%;4.108 US$;21.301 US$
859;Teleflex;14.400;11 ;2.595 US$;6,0%;US$461,5 ;129,8%;6.310 US$;13.580 US$
860;New Jersey Resources;1.108;-81 ;2.592 US$;-11,1%;US$169,5 ;-27,4%;4.373 US$;3.247 US$
861;New Residential Investment;3.387;61 ;2.586 US$;15,6%;US$563,3 ;-41,6%;44.864 US$;2.082 US$
862;Interactive Brokers Group;1.643;26 ;2.580 US$;9,0%;US$161,0 ;-4,7%;71.676 US$;3.313 US$
863;Zayo Group Holdings;3.781;-25 ;2.578 US$;-1,0%;US$150,0 ;47,2%;9.335 US$;-
864;Herman Miller;8.000;20 ;2.567 US$;7,8%;US$160,5 ;25,3%;1.569 US$;1.311 US$
865;Grocery Outlet Holding;765;-;2.560 US$;11,9%;US$15,4 ;-2,8%;2.186 US$;3.087 US$
866;J.Crew Group;9.400;-6 ;2.540 US$;2,3%;-US$78,8 ;-;1.599 US$;-
867;Century Communities;1.460;78 ;2.536 US$;18,1%;US$113,0 ;17,1%;2.500 US$;483 US$
868;Eldorado Resorts;15.500;103 ;2.528 US$;23,0%;US$81,0 ;-14,9%;5.641 US$;1.120 US$
869;Catalent;12.300;-4 ;2.518 US$;2,2%;US$137,4 ;64,4%;6.184 US$;8.045 US$
870;Itron;7.300;16 ;2.503 US$;5,3%;US$49,0 ;-;2.708 US$;2.242 US$
871;M/I Homes;1.401;36 ;2.500 US$;9,4%;US$127,6 ;18,5%;2.106 US$;472 US$
872;Cboe Global Markets;823;-69 ;2.496 US$;-9,8%;US$374,9 ;-12,1%;5.114 US$;9.856 US$
873;IDEX;7.439;-11 ;2.495 US$;0,4%;US$425,5 ;3,6%;3.814 US$;10.529 US$
874;Belden;7.000;-34 ;2.492 US$;-3,6%;-US$377,0 ;-334,3%;3.407 US$;1.640 US$
875;Curtiss-Wright;9.100;1 ;2.488 US$;3,2%;US$307,6 ;11,5%;3.764 US$;3.929 US$
876;Cheesecake Factory;46.250;20 ;2.483 US$;6,4%;US$127,3 ;28,5%;2.841 US$;768 US$
877;Genesis Energy;2.177;-97 ;2.481 US$;-14,8%;US$96,0 ;-;6.598 US$;481 US$
878;GEO Group;22.000;19 ;2.478 US$;6,3%;US$166,6 ;14,8%;4.318 US$;1.474 US$
879;Patterson-UTI Energy;5.800;-170 ;2.471 US$;-25,7%;-US$425,7 ;-;4.440 US$;452 US$
880;Werner Enterprises;12.736;-13 ;2.464 US$;0,2%;US$166,9 ;-0,7%;2.144 US$;2.515 US$
881;Ingersoll Rand;6.600;-59 ;2.452 US$;-8,8%;US$159,1 ;-40,9%;4.628 US$;10.306 US$
882;Verso;3.700;-58 ;2.444 US$;-8,9%;US$96,0 ;-43,9%;1.721 US$;397 US$
883;Mueller Industries;4.964;-28 ;2.431 US$;-3,1%;US$101,0 ;-3,3%;1.371 US$;1.365 US$
884;Nu Skin Enterprises;24.900;-59 ;2.420 US$;-9,7%;US$173,6 ;42,4%;1.769 US$;1.214 US$
885;Revlon;7.100;-39 ;2.420 US$;-5,7%;-US$157,7 ;-;2.981 US$;580 US$
886;Arista Networks;2.300;57 ;2.411 US$;12,1%;US$859,9 ;162,1%;4.185 US$;15.491 US$
887;IDEXX Laboratories;9.200;42 ;2.407 US$;8,8%;US$427,7 ;13,4%;1.833 US$;20.645 US$
888;Align Technology;14.530;107 ;2.407 US$;22,4%;US$442,8 ;10,6%;2.501 US$;13.699 US$
889;Waters;7.467;-14 ;2.407 US$;-0,6%;US$592,2 ;-0,3%;2.557 US$;11.316 US$
890;Synovus Financial;5.389;-;2.407 US$;48,1%;US$563,8 ;31,6%;48.203 US$;2.586 US$
891;BrightView Holdings;21.978;-1 ;2.405 US$;2,2%;US$44,4 ;-;2.929 US$;1.160 US$
892;REV Group;8.040;-9 ;2.404 US$;0,9%;-US$12,3 ;-194,6%;1.347 US$;264 US$
893;Brown & Brown;10.083;88 ;2.392 US$;18,8%;US$398,5 ;15,8%;7.623 US$;10.269 US$
894;Valvoline;7.900;14 ;2.390 US$;4,6%;US$208,0 ;25,3%;2.064 US$;2.467 US$
895;Knights of Columbus;772;5 ;2.388 US$;3,0%;US$148,3 ;83,8%;26.861 US$;-
896;Central Garden & Pet;5.550;32 ;2.383 US$;7,6%;US$92,8 ;-24,9%;2.025 US$;1.441 US$
897;Carpenter Technology;5.100;43 ;2.380 US$;10,3%;US$167,0 ;-11,4%;3.188 US$;932 US$
898;SLM;1.900;-;2.380 US$;26,4%;US$578,3 ;18,6%;32.687 US$;3.039 US$
899;Kennametal;10.395;-12 ;2.375 US$;0,3%;US$241,9 ;20,9%;2.656 US$;1.544 US$
900;LCI Industries;10.500;-36 ;2.372 US$;-4,2%;US$146,5 ;-1,4%;1.863 US$;1.674 US$
901;TrueBlue;6.200;-43 ;2.369 US$;-5,2%;US$63,1 ;-4,1%;1.136 US$;493 US$
902;Cimarex Energy;987;-7 ;2.363 US$;1,0%;-US$124,6 ;-115,7%;7.140 US$;1.719 US$
903;Splunk;5.800;-;2.359 US$;30,8%;-US$336,7 ;-;5.440 US$;20.023 US$
904;SiteOne Landscape Supply;4.416;51 ;2.358 US$;11,6%;US$77,7 ;5,1%;1.443 US$;3.077 US$
905;Hexcel;6.977;27 ;2.356 US$;7,6%;US$306,6 ;10,8%;3.129 US$;3.100 US$
906;FTI Consulting;5.567;72 ;2.353 US$;16,0%;US$216,7 ;43,9%;2.783 US$;4.491 US$
907;Party City Holdco;14.350;-34 ;2.349 US$;-3,2%;-US$532,5 ;-532,0%;3.595 US$;43 US$
908;Ohio National Mutual;1.109;-28 ;2.341 US$;-2,0%;-US$67,6 ;-193,1%;40.367 US$;-
909;Patrick Industries;7.500;8 ;2.337 US$;3,3%;US$89,6 ;-25,3%;1.471 US$;673 US$
910;Cadence Design Systems;8.078;38 ;2.336 US$;9,3%;US$989,0 ;186,0%;3.357 US$;18.546 US$
911;CDK Global;9.000;-;2.333 US$;2,6%;US$124,0 ;-67,4%;2.999 US$;3.991 US$
912;AvalonBay Communities;3.122;-3 ;2.325 US$;1,8%;US$786,0 ;-19,3%;19.121 US$;20.712 US$
913;Wabash National;6.900;2 ;2.319 US$;2,3%;US$89,6 ;29,0%;1.305 US$;382 US$
914;Service Properties Trust;600;-10 ;2.316 US$;0,9%;US$259,8 ;39,9%;9.034 US$;889 US$
915;Maxim Integrated Products;7.131;-52 ;2.314 US$;-6,7%;US$827,5 ;77,1%;3.744 US$;13.095 US$
916;People's United Financial;6.305;-;2.312 US$;20,3%;US$520,4 ;11,2%;58.590 US$;4.793 US$
917;Bio-Rad Laboratories;8.120;-11 ;2.312 US$;1,0%;US$1.758,7 ;381,0%;8.009 US$;10.491 US$
918;Option Care Health;5.492;-;2.310 US$;15,5%;-US$75,9 ;-;2.590 US$;1.673 US$
919;Louisiana-Pacific;4.800;-125 ;2.310 US$;-18,3%;-US$5,0 ;-101,3%;1.835 US$;1.925 US$
920;TEGNA;6.883;10 ;2.300 US$;4,2%;US$286,2 ;-29,4%;6.954 US$;2.371 US$
921;Teradyne;5.400;39 ;2.295 US$;9,2%;US$467,5 ;3,5%;2.787 US$;9.026 US$
922;Arch Resources;3.700;-53 ;2.294 US$;-6,4%;US$233,8 ;-25,2%;1.868 US$;438 US$
923;EPAM Systems;36.739;-;2.294 US$;24,5%;US$261,1 ;8,7%;2.244 US$;10.259 US$
924;WPX Energy;590;-43 ;2.292 US$;-3,9%;US$256,0 ;69,5%;8.413 US$;1.706 US$
925;Contura Energy;4.360;52 ;2.291 US$;12,7%;-US$316,3 ;-205,7%;2.303 US$;43 US$
926;Ensign Group;24.500;48 ;2.286 US$;12,0%;US$110,5 ;19,7%;2.362 US$;2.013 US$
927;First Horizon National;4.994;-13 ;2.278 US$;0,4%;US$440,9 ;-19,1%;43.311 US$;2.513 US$
928;Wolverine World Wide;4.000;-7 ;2.274 US$;1,5%;US$128,5 ;-35,8%;2.480 US$;1.232 US$
929;Vail Resorts;23.000;54 ;2.272 US$;12,9%;US$301,2 ;-20,7%;4.426 US$;5.948 US$
930;Benchmark Electronics;10.600;-85 ;2.268 US$;-11,6%;US$23,4 ;2,7%;1.760 US$;728 US$
931;HNI;8.450;-13 ;2.247 US$;-0,5%;US$110,5 ;18,3%;1.453 US$;1.076 US$
932;F5 Networks;5.325;7 ;2.242 US$;3,7%;US$427,7 ;-5,7%;3.390 US$;6.484 US$
933;Affiliated Managers Group;4.000;-48 ;2.240 US$;-5,8%;US$15,7 ;-93,6%;7.654 US$;2.831 US$
934;OGE Energy;2.425;-21 ;2.232 US$;-1,7%;US$433,6 ;1,9%;11.024 US$;6.152 US$
935;Universal;28.000;41 ;2.227 US$;9,5%;US$104,1 ;-1,5%;2.133 US$;1.091 US$
936;BOK Financial;5.107;-;2.226 US$;20,7%;US$500,8 ;12,4%;42.172 US$;2.996 US$
937;ManTech International;8.900;62 ;2.223 US$;13,5%;US$113,9 ;38,7%;2.108 US$;2.920 US$
938;Summit Materials;6.000;21 ;2.222 US$;5,8%;US$59,1 ;74,2%;4.068 US$;1.700 US$
939;AMN Healthcare Services;3.236;11 ;2.222 US$;4,0%;US$114,0 ;-19,6%;1.932 US$;2.709 US$
940;Groupon;6.345;-107 ;2.219 US$;-15,8%;-US$22,4 ;-;1.587 US$;556 US$
941;Newmark Group;5.600;32 ;2.218 US$;8,3%;US$117,3 ;9,9%;3.202 US$;754 US$
942;Fossil Group;10.200;-95 ;2.218 US$;-12,7%;-US$52,4 ;-;1.605 US$;166 US$
943;Modine Manufacturing;12.200;15 ;2.213 US$;5,2%;US$84,8 ;282,0%;1.538 US$;165 US$
944;Griffon;7.300;2 ;2.209 US$;3,0%;US$37,3 ;-70,3%;2.075 US$;593 US$
945;Cypress Semiconductor;5.871;-84 ;2.205 US$;-11,2%;US$40,4 ;-88,6%;3.556 US$;8.713 US$
946;Generac Holdings;5.551;33 ;2.204 US$;8,9%;US$252,0 ;5,8%;2.666 US$;5.829 US$
947;Matson;1.988;-23 ;2.203 US$;-0,9%;US$82,7 ;-24,1%;2.845 US$;1.318 US$
948;Genesco;13.850;-167 ;2.197 US$;-24,5%;US$61,4 ;-;1.681 US$;196 US$
949;Nordson;7.579;-30 ;2.194 US$;-2,7%;US$337,1 ;-10,7%;3.516 US$;7.815 US$
950;NewMarket;2.118;-45 ;2.190 US$;-4,3%;US$254,3 ;8,3%;1.885 US$;4.284 US$
951;Echo Global Logistics;2.539;-80 ;2.185 US$;-10,4%;US$14,8 ;-48,3%;827 US$;458 US$
952;Rexnord;6.700;18 ;2.175 US$;5,3%;US$34,3 ;-54,8%;3.260 US$;2.761 US$
953;Incyte;1.456;-;2.159 US$;14,7%;US$446,9 ;308,2%;3.427 US$;15.875 US$
954;Fortinet;7.082;-;2.156 US$;19,7%;US$326,5 ;-1,7%;3.886 US$;17.453 US$
955;Foundation Building Materials;3.500;-53 ;2.155 US$;-6,9%;US$40,2 ;-;1.412 US$;445 US$
956;AAR;5.650;-;2.148 US$;16,4%;US$7,5 ;-51,9%;1.517 US$;623 US$
957;Centric Brands;3.250;-;2.147 US$;259,8%;-US$273,5 ;-;2.155 US$;66 US$
958;Edgewell Personal Care;6.000;-35 ;2.141 US$;-4,2%;-US$372,2 ;-460,3%;3.421 US$;1.308 US$
959;Federated Mutual Insurance;2.638;-;2.135 US$;11,0%;US$229,6 ;4,0%;8.825 US$;-
960;Schnitzer Steel Industries;3.363;-71 ;2.133 US$;-9,8%;US$56,3 ;-64,0%;1.161 US$;354 US$
961;Portland General Electric;2.949;31 ;2.123 US$;6,6%;US$214,0 ;0,9%;8.394 US$;4.289 US$
962;Gray Television;7.465;-;2.122 US$;95,7%;US$179,0 ;-15,1%;6.972 US$;1.072 US$
963;BGC Partners;5.200;-;2.104 US$;8,6%;US$55,7 ;-71,8%;3.916 US$;894 US$
964;EchoStar;2.300;-3 ;2.098 US$;0,3%;-US$62,9 ;-;7.154 US$;3.127 US$
965;Beazer Homes USA;1.205;-9 ;2.088 US$;-0,9%;-US$79,5 ;-;1.958 US$;202 US$
966;LHC Group;22.785;-;2.080 US$;14,9%;US$95,7 ;50,6%;2.140 US$;4.420 US$
967;ServiceMaster Global Holdings;12.000;-;2.077 US$;9,3%;US$128,0 ;-;5.322 US$;3.657 US$
968;Bruker;7.230;-;2.073 US$;9,3%;US$197,2 ;9,7%;2.772 US$;5.530 US$
969;Oasis Petroleum;609;-70 ;2.072 US$;-10,8%;-US$128,2 ;-;7.499 US$;113 US$
970;CrossAmerica Partners;548;-;2.071 US$;-11,8%;US$18,1 ;244,2%;905 US$;298 US$
971;MYR Group;7.100;-;2.071 US$;35,3%;US$37,7 ;21,2%;1.008 US$;436 US$
972;Viasat;5.600;-;2.068 US$;29,7%;-US$67,6 ;-;3.915 US$;2.232 US$
973;GNC Holdings;8.400;-82 ;2.068 US$;-12,1%;-US$35,1 ;-150,3%;1.651 US$;40 US$
974;Cabot Oil & Gas;547;-41 ;2.066 US$;-5,6%;US$681,1 ;22,3%;4.487 US$;6.852 US$
975;Bright Horizons Family Solutions;33.800;-;2.062 US$;8,3%;US$180,4 ;14,2%;3.330 US$;5.936 US$
976;Vista Outdoor;5.200;-73 ;2.059 US$;-10,8%;-US$648,4 ;-;1.738 US$;509 US$
977;HEICO;5.900;-;2.056 US$;15,6%;US$327,9 ;26,5%;2.969 US$;9.185 US$
978;Wyndham Hotels & Resorts;14.200;-;2.053 US$;-;US$157,0 ;-;4.533 US$;2.934 US$
979;TCF Financial;7.732;-;2.053 US$;27,3%;US$295,5 ;-2,9%;46.652 US$;3.451 US$
980;Primerica;2.502;-;2.053 US$;8,0%;US$366,4 ;13,1%;13.689 US$;3.637 US$
981;ProPetro Holding;1.579;-;2.052 US$;20,4%;US$163,0 ;-6,2%;1.436 US$;252 US$
982;Oceaneering International;9.100;-;2.048 US$;7,3%;-US$348,4 ;-;2.741 US$;292 US$
983;Floor & Decor Holdings;6.336;-;2.046 US$;19,6%;US$150,6 ;29,6%;2.324 US$;3.282 US$
984;Copart;7.327;-;2.042 US$;13,1%;US$591,7 ;41,6%;2.548 US$;16.014 US$
985;Chico's FAS;10.944;-33 ;2.038 US$;-4,4%;-US$12,8 ;-135,8%;1.543 US$;155 US$
986;Barnes & Noble Education;12.400;-55 ;2.035 US$;-7,7%;-US$24,4 ;-;946 US$;66 US$
987;Maxar Technologies;5.800;-40 ;2.033 US$;-5,0%;US$109,0 ;-;5.157 US$;642 US$
988;Evercore;1.900;-24 ;2.029 US$;-2,6%;US$297,4 ;-21,2%;2.599 US$;1.872 US$
989;Deckers Outdoor;3.500;-;2.020 US$;6,2%;US$264,3 ;131,1%;1.427 US$;3.750 US$
990;Express;9.160;-36 ;2.019 US$;-4,6%;-US$164,4 ;-1806,7%;1.791 US$;95 US$
991;Hovnanian Enterprises;1.868;-;2.017 US$;1,3%;-US$42,1 ;-1031,8%;1.881 US$;51 US$
992;Air Lease;117;-;2.017 US$;20,1%;US$587,1 ;14,9%;21.709 US$;2.516 US$
993;Rollins;14.952;-;2.016 US$;10,6%;US$203,3 ;-12,2%;1.744 US$;11.846 US$
994;SBA Communications;1.475;-;2.015 US$;8,0%;US$147,0 ;209,8%;9.760 US$;30.218 US$
995;Deluxe;6.352;-6 ;2.009 US$;0,5%;-US$199,9 ;-233,6%;1.943 US$;1.094 US$
996;Mr. Cooper Group;9.100;-;2.007 US$;-;US$274,0 ;-;18.305 US$;674 US$
997;Herc Holdings;5.100;-4 ;1.999 US$;1,1%;US$47,5 ;-31,3%;3.817 US$;591 US$
998;Healthpeak Properties;204;-;1.997 US$;8,2%;US$45,5 ;-95,7%;14.033 US$;12.059 US$
999;SPX FLOW;5.000;-37 ;1.996 US$;-4,5%;-US$95,1 ;-316,1%;2.437 US$;1.212 US$
1000;Liberty Oilfield Services;2.571;-58 ;1.990 US$;-7,6%;US$39,0 ;-69,2%;1.283 US$;303 US$